date,最高温度,最低温度,天气状况_数字编码,target
2018/1/1,22.00 ,12.00 ,1,257733.9648
2018/1/2,22.00 ,15.00 ,1,288502.5947
2018/1/3,23.00 ,15.00 ,2,300698.5858
2018/1/4,21.00 ,16.00 ,4,293806.5077
2018/1/5,19.00 ,13.00 ,4,295075.2147
2018/1/6,15.00 ,11.00 ,8,291465.15
2018/1/7,15.00 ,7.00 ,10,292661.2883
2018/1/8,12.00 ,5.00 ,6,299997.7041
2018/1/9,9.00 ,6.00 ,4,310392.7345
2018/1/10,14.00 ,7.00 ,1,306818.7119
2018/1/11,15.00 ,6.00 ,1,299302.4144
2018/1/12,16.00 ,6.00 ,0,302846.982
2018/1/13,17.00 ,7.00 ,0,293361.4419
2018/1/14,20.00 ,10.00 ,1,283362.4974
2018/1/15,21.00 ,10.00 ,1,290129.1856
2018/1/16,23.00 ,12.00 ,1,294721.0637
2018/1/17,24.00 ,14.00 ,1,294961.1641
2018/1/18,25.00 ,13.00 ,4,290300.2237
2018/1/19,24.00 ,17.00 ,1,299609.3093
2018/1/20,22.00 ,16.00 ,2,282911.8424
2018/1/21,21.00 ,18.00 ,2,290684.515
2018/1/22,23.00 ,19.00 ,2,284889.3107
2018/1/23,24.00 ,15.00 ,2,285749.4413
2018/1/24,23.00 ,17.00 ,2,286495.5221
2018/1/25,22.00 ,13.00 ,2,291820.343
2018/1/26,19.00 ,12.00 ,1,279917.4482
2018/1/27,16.00 ,8.00 ,5,275494.5232
2018/1/28,10.00 ,5.00 ,4,279548.9776
2018/1/29,8.00 ,6.00 ,4,302621.3153
2018/1/30,7.00 ,5.00 ,4,295016.9526
2018/1/31,8.00 ,4.00 ,4,292235.2609
2018/2/1,14.00 ,5.00 ,0,284312.842
2018/2/2,11.00 ,4.00 ,0,282105.1603
2018/2/3,13.00 ,4.00 ,1,258906.693
2018/2/4,14.00 ,4.00 ,1,257377.9674
2018/2/5,12.00 ,4.00 ,1,256420.9913
2018/2/6,14.00 ,5.00 ,0,242882.1822
2018/2/7,16.00 ,8.00 ,2,236223.8839
2018/2/8,16.00 ,10.00 ,1,219930.4795
2018/2/9,17.00 ,11.00 ,2,214977.995
2018/2/10,20.00 ,9.00 ,2,208286.4532
2018/2/11,16.00 ,9.00 ,2,214648.154
2018/2/12,17.00 ,8.00 ,0,200462.463
2018/2/13,20.00 ,9.00 ,1,186830.4696
2018/2/14,22.00 ,10.00 ,1,183464.2093
2018/2/15,24.00 ,15.00 ,1,182748.6766
2018/2/16,25.00 ,16.00 ,1,184540.9516
2018/2/17,25.00 ,17.00 ,2,168229.465
2018/2/18,22.00 ,18.00 ,5,179022.0317
2018/2/19,25.00 ,19.00 ,2,178707.341
2018/2/20,27.00 ,16.00 ,2,180044.2514
2018/2/21,18.00 ,13.00 ,4,193121.9774
2018/2/22,16.00 ,10.00 ,4,190793.2459
2018/2/23,17.00 ,15.00 ,5,209891.1135
2018/2/24,18.00 ,15.00 ,4,205371.9831
2018/2/25,17.00 ,12.00 ,4,215167.4117
2018/2/26,21.00 ,15.00 ,1,226081.8763
2018/2/27,23.00 ,17.00 ,4,232302.2593
2018/2/28,26.00 ,19.00 ,1,243480.4603
2018/3/1,29.00 ,20.00 ,3,250955.6706
2018/3/2,28.00 ,21.00 ,1,250806.8452
2018/3/3,27.00 ,22.00 ,1,252724.7404
2018/3/4,28.00 ,21.00 ,12,261539.1015
2018/3/5,28.00 ,18.00 ,12,280441.9871
2018/3/6,25.00 ,17.00 ,2,280034.081
2018/3/7,24.00 ,11.00 ,12,281314.5412
2018/3/8,14.00 ,10.00 ,12,286394.1139
2018/3/9,19.00 ,9.00 ,0,290356.1872
2018/3/10,22.00 ,13.00 ,0,285990.1705
2018/3/11,23.00 ,13.00 ,1,285032.1334
2018/3/12,25.00 ,15.00 ,1,292516.5151
2018/3/13,26.00 ,16.00 ,4,293842.3273
2018/3/14,25.00 ,17.00 ,12,285354.7193
2018/3/15,25.00 ,18.00 ,12,289398.9977
2018/3/16,27.00 ,19.00 ,2,298372.244
2018/3/17,27.00 ,19.00 ,3,307374.3603
2018/3/18,25.00 ,19.00 ,2,291134.6208
2018/3/19,24.00 ,15.00 ,10,302400.4432
2018/3/20,22.00 ,10.00 ,1,294013.9528
2018/3/21,21.00 ,11.00 ,0,298851.518
2018/3/22,23.00 ,14.00 ,0,295839.7337
2018/3/23,25.00 ,15.00 ,1,295916.3622
2018/3/24,26.00 ,18.00 ,2,302953.9897
2018/3/25,25.00 ,18.00 ,5,292328.8173
2018/3/26,25.00 ,18.00 ,1,299463.0274
2018/3/27,27.00 ,19.00 ,1,300358.4043
2018/3/28,28.00 ,19.00 ,1,297341.5989
2018/3/29,27.00 ,20.00 ,2,298358.4479
2018/3/30,28.00 ,20.00 ,1,298196.4628
2018/3/31,28.00 ,19.00 ,1,293186.1819
2018/4/1,30.00 ,21.00 ,1,296917.1472
2018/4/2,30.00 ,21.00 ,1,308540.8556
2018/4/3,31.00 ,21.00 ,1,307390.4708
2018/4/4,30.00 ,21.00 ,1,301033.4732
2018/4/5,29.00 ,20.00 ,5,257042.1158
2018/4/6,21.00 ,14.00 ,4,276876.6027
2018/4/7,19.00 ,12.00 ,2,289347.7177
2018/4/8,25.00 ,14.00 ,1,292383.7098
2018/4/9,26.00 ,18.00 ,1,297147.1489
2018/4/10,28.00 ,20.00 ,1,308823.1979
2018/4/11,30.00 ,21.00 ,1,304611.7881
2018/4/12,30.00 ,23.00 ,1,311371.8354
2018/4/13,30.00 ,25.00 ,5,322325.8172
2018/4/14,30.00 ,18.00 ,6,315833.3018
2018/4/15,17.00 ,15.00 ,7,291458.095
2018/4/16,17.00 ,15.00 ,7,295734.8143
2018/4/17,22.00 ,18.00 ,2,297215.0047
2018/4/18,26.00 ,19.00 ,1,303822.8913
2018/4/19,27.00 ,20.00 ,2,306511.5523
2018/4/20,27.00 ,22.00 ,12,308374.6537
2018/4/21,28.00 ,22.00 ,12,303780.8769
2018/4/22,29.00 ,23.00 ,2,302981.2483
2018/4/23,29.00 ,22.00 ,6,311374.788
2018/4/24,25.00 ,20.00 ,2,313838.5663
2018/4/25,26.00 ,21.00 ,2,312499.6851
2018/4/26,27.00 ,22.00 ,12,302704.4976
2018/4/27,26.00 ,22.00 ,5,307030.3003
2018/4/28,26.00 ,22.00 ,5,308037.6795
2018/4/29,28.00 ,23.00 ,5,312415.7445
2018/4/30,29.00 ,25.00 ,5,290033.5213
2018/5/1,31.00 ,24.00 ,12,258863.9569
2018/5/2,31.00 ,23.00 ,12,315434.9107
2018/5/3,31.00 ,22.00 ,5,328679.3448
2018/5/4,28.00 ,22.00 ,12,310476.7512
2018/5/5,30.00 ,24.00 ,2,311655.0189
2018/5/6,30.00 ,24.00 ,12,311937.1643
2018/5/7,29.00 ,22.00 ,10,334173.4147
2018/5/8,26.00 ,23.00 ,10,320392.4278
2018/5/9,27.00 ,22.00 ,8,313916.4452
2018/5/10,24.00 ,21.00 ,5,306565.6252
2018/5/11,27.00 ,23.00 ,7,314508.8078
2018/5/12,29.00 ,24.00 ,2,318266.1976
2018/5/13,33.00 ,24.00 ,5,310069.2071
2018/5/14,33.00 ,24.00 ,12,338010.7439
2018/5/15,35.00 ,26.00 ,1,346404.0841
2018/5/16,34.00 ,26.00 ,1,343511.4032
2018/5/17,34.00 ,26.00 ,1,339916.84
2018/5/18,34.00 ,27.00 ,1,347766.527
2018/5/19,34.00 ,27.00 ,1,343726.3594
2018/5/20,34.00 ,26.00 ,5,336954.2418
2018/5/21,33.00 ,26.00 ,5,358528.7798
2018/5/22,33.00 ,26.00 ,5,363029.0504
2018/5/23,34.00 ,26.00 ,1,369600.4681
2018/5/24,36.00 ,27.00 ,1,362364.5489
2018/5/25,35.00 ,27.00 ,1,364296.7253
2018/5/26,35.00 ,28.00 ,5,353214.3933
2018/5/27,35.00 ,27.00 ,1,343580.1163
2018/5/28,35.00 ,26.00 ,12,366257.9054
2018/5/29,35.00 ,27.00 ,1,357012.042
2018/5/30,35.00 ,27.00 ,1,363534.0643
2018/5/31,36.00 ,27.00 ,12,356936.8977
2018/6/1,34.00 ,26.00 ,12,364523.4461
2018/6/2,32.00 ,25.00 ,8,340796.6705
2018/6/3,31.00 ,25.00 ,5,335672.3722
2018/6/4,33.00 ,26.00 ,5,353952.9258
2018/6/5,31.00 ,25.00 ,12,348637.6692
2018/6/6,27.00 ,25.00 ,10,333981.4833
2018/6/7,28.00 ,24.00 ,11,329136.7106
2018/6/8,27.00 ,24.00 ,10,318319.4937
2018/6/9,31.00 ,25.00 ,1,319362.532
2018/6/10,35.00 ,26.00 ,1,321746.9182
2018/6/11,35.00 ,26.00 ,1,340670.4113
2018/6/12,30.00 ,25.00 ,11,345233.2913
2018/6/13,29.00 ,25.00 ,7,326371.2555
2018/6/14,31.00 ,25.00 ,1,325861.3075
2018/6/15,32.00 ,24.00 ,1,322835.5566
2018/6/16,29.00 ,25.00 ,5,319356.907
2018/6/17,32.00 ,25.00 ,5,311579.6786
2018/6/18,33.00 ,27.00 ,12,297469.1659
2018/6/19,34.00 ,27.00 ,5,342093.4642
2018/6/20,34.00 ,28.00 ,12,347934.3381
2018/6/21,33.00 ,28.00 ,12,343674.9721
2018/6/22,32.00 ,26.00 ,12,343325.287
2018/6/23,31.00 ,25.00 ,12,320683.5605
2018/6/24,32.00 ,26.00 ,5,309764.6628
2018/6/25,33.00 ,26.00 ,7,323047.0885
2018/6/26,33.00 ,26.00 ,12,319557.7675
2018/6/27,33.00 ,26.00 ,1,329076.2233
2018/6/28,35.00 ,27.00 ,1,338669.8109
2018/6/29,35.00 ,27.00 ,1,339965.5641
2018/6/30,35.00 ,27.00 ,5,328747.8384
2018/7/1,34.00 ,28.00 ,12,324237.6697
2018/7/2,35.00 ,27.00 ,5,344515.6879
2018/7/3,34.00 ,27.00 ,12,340815.2326
2018/7/4,34.00 ,28.00 ,1,345668.0913
2018/7/5,35.00 ,28.00 ,5,346529.0891
2018/7/6,35.00 ,28.00 ,12,345338.5177
2018/7/7,33.00 ,27.00 ,12,327533.4564
2018/7/8,32.00 ,26.00 ,12,311845.6033
2018/7/9,34.00 ,26.00 ,5,333871.0008
2018/7/10,35.00 ,27.00 ,1,338169.6503
2018/7/11,36.00 ,28.00 ,1,345017.2822
2018/7/12,34.00 ,26.00 ,12,346219.178
2018/7/13,30.00 ,25.00 ,8,337905.7847
2018/7/14,29.00 ,25.00 ,9,316234.2938
2018/7/15,29.00 ,25.00 ,9,300208.2736
2018/7/16,32.00 ,27.00 ,2,326717.1367
2018/7/17,35.00 ,27.00 ,1,340721.3488
2018/7/18,33.00 ,26.00 ,5,340140.1947
2018/7/19,35.00 ,27.00 ,5,341051.4536
2018/7/20,35.00 ,27.00 ,1,338734.7472
2018/7/21,35.00 ,27.00 ,1,334990.5102
2018/7/22,35.00 ,26.00 ,12,323992.6014
2018/7/23,31.00 ,26.00 ,10,334746.9802
2018/7/24,28.00 ,25.00 ,11,323537.3724
2018/7/25,33.00 ,26.00 ,5,335294.6755
2018/7/26,33.00 ,26.00 ,12,333664.0794
2018/7/27,33.00 ,26.00 ,12,334034.0598
2018/7/28,35.00 ,26.00 ,12,334137.8221
2018/7/29,35.00 ,27.00 ,5,323327.1982
2018/7/30,35.00 ,26.00 ,12,343757.7141
2018/7/31,33.00 ,26.00 ,12,338377.7882
2018/8/1,34.00 ,26.00 ,12,334544.5489
2018/8/2,34.00 ,27.00 ,12,347313.1749
2018/8/3,34.00 ,27.00 ,12,339869.4327
2018/8/4,35.00 ,27.00 ,5,336312.7139
2018/8/5,35.00 ,27.00 ,1,327322.7001
2018/8/6,34.00 ,26.00 ,1,314792.6266
2018/8/7,35.00 ,27.00 ,12,343121.7601
2018/8/8,35.00 ,27.00 ,12,340970.6304
2018/8/9,35.00 ,26.00 ,12,357176.2753
2018/8/10,32.00 ,27.00 ,8,344199.5342
2018/8/11,29.00 ,25.00 ,11,337770.3261
2018/8/12,30.00 ,25.00 ,10,290256.7888
2018/8/13,33.00 ,26.00 ,7,283796.4423
2018/8/14,35.00 ,26.00 ,10,272743.8822
2018/8/15,32.00 ,26.00 ,9,268257.4855
2018/8/16,32.00 ,26.00 ,7,268514.7311
2018/8/17,32.00 ,26.00 ,8,266180.7501
2018/8/18,33.00 ,27.00 ,12,256786.5519
2018/8/19,34.00 ,27.00 ,12,246401.0722
2018/8/20,34.00 ,27.00 ,12,272338.7201
2018/8/21,34.00 ,26.00 ,12,275028.216
2018/8/22,34.00 ,26.00 ,12,275697.5684
2018/8/23,33.00 ,26.00 ,12,269958.0457
2018/8/24,35.00 ,27.00 ,12,274842.2373
2018/8/25,35.00 ,27.00 ,12,272888.9935
2018/8/26,35.00 ,27.00 ,5,241625.1351
2018/8/27,31.00 ,25.00 ,12,268094.9856
2018/8/28,28.00 ,25.00 ,10,266286.7285
2018/8/29,31.00 ,25.00 ,11,262305.8176
2018/8/30,28.00 ,25.00 ,9,265503.1347
2018/8/31,31.00 ,26.00 ,5,261641.3498
2018/9/1,29.00 ,24.00 ,9,237811.1855
2018/9/2,31.00 ,26.00 ,12,230829.129
2018/9/3,33.00 ,25.00 ,5,276333.4709
2018/9/4,34.00 ,26.00 ,1,282368.4747
2018/9/5,35.00 ,26.00 ,0,292087.8902
2018/9/6,34.00 ,25.00 ,5,292006.3328
2018/9/7,31.00 ,24.00 ,10,271835.9353
2018/9/8,30.00 ,24.00 ,1,249337.9048
2018/9/9,31.00 ,24.00 ,1,257609.4981
2018/9/10,33.00 ,25.00 ,1,263244.4548
2018/9/11,33.00 ,24.00 ,1,264129.1541
2018/9/12,32.00 ,25.00 ,1,265397.0444
2018/9/13,33.00 ,25.00 ,5,277796.9679
2018/9/14,35.00 ,27.00 ,1,272213.4222
2018/9/15,36.00 ,27.00 ,1,259843.624
2018/9/16,30.00 ,25.00 ,11,209274.9561
2018/9/17,29.00 ,25.00 ,9,238779.9619
2018/9/18,31.00 ,26.00 ,12,283243.0496
2018/9/19,35.00 ,26.00 ,1,287887.8111
2018/9/20,34.00 ,26.00 ,1,289597.4628
2018/9/21,34.00 ,26.00 ,2,292810.9729
2018/9/22,32.00 ,25.00 ,12,258611.7026
2018/9/23,32.00 ,24.00 ,12,243532.8134
2018/9/24,31.00 ,25.00 ,5,232681.9612
2018/9/25,31.00 ,25.00 ,12,256254.4936
2018/9/26,31.00 ,24.00 ,2,265566.5182
2018/9/27,32.00 ,24.00 ,12,259193.264
2018/9/28,31.00 ,23.00 ,1,250222.4241
2018/9/29,31.00 ,22.00 ,0,250581.8154
2018/9/30,31.00 ,22.00 ,0,249162.635
2018/10/1,30.00 ,21.00 ,0,203042.6174
2018/10/2,31.00 ,21.00 ,0,196085.172
2018/10/3,31.00 ,21.00 ,0,208289.3521
2018/10/4,30.00 ,21.00 ,0,224067.6574
2018/10/5,31.00 ,21.00 ,0,251425.0821
2018/10/6,30.00 ,20.00 ,0,231797.9125
2018/10/7,31.00 ,22.00 ,0,251232.5232
2018/10/8,31.00 ,23.00 ,1,259753.5455
2018/10/9,31.00 ,22.00 ,1,271640.6306
2018/10/10,25.00 ,20.00 ,5,244692.5774
2018/10/11,26.00 ,18.00 ,1,240051.839
2018/10/12,27.00 ,20.00 ,1,234827.8882
2018/10/13,27.00 ,20.00 ,4,240226.0696
2018/10/14,28.00 ,23.00 ,1,233358.0735
2018/10/15,25.00 ,20.00 ,7,249506.5512
2018/10/16,26.00 ,19.00 ,5,259140.6021
2018/10/17,22.00 ,18.00 ,10,253941.3484
2018/10/18,25.00 ,20.00 ,2,237887.0293
2018/10/19,26.00 ,21.00 ,2,240491.0834
2018/10/20,27.00 ,21.00 ,2,243357.0834
2018/10/21,29.00 ,22.00 ,1,251570.1472
2018/10/22,28.00 ,22.00 ,5,247570.3712
2018/10/23,23.00 ,19.00 ,5,247275.1122
2018/10/24,25.00 ,20.00 ,2,253760.2418
2018/10/25,26.00 ,21.00 ,1,254841.8517
2018/10/26,24.00 ,19.00 ,4,244744.8472
2018/10/27,25.00 ,18.00 ,0,236863.3254
2018/10/28,26.00 ,16.00 ,0,224625.24
2018/10/29,28.00 ,17.00 ,0,243754.5894
2018/10/30,29.00 ,19.00 ,0,230507.2667
2018/10/31,28.00 ,20.00 ,2,241402.7491
2018/11/1,26.00 ,19.00 ,5,249367.0439
2018/11/2,27.00 ,19.00 ,2,245990.9367
2018/11/3,26.00 ,19.00 ,5,225125.5962
2018/11/4,25.00 ,19.00 ,4,228912.8734
2018/11/5,26.00 ,20.00 ,1,245101.2635
2018/11/6,29.00 ,21.00 ,1,247661.4391
2018/11/7,27.00 ,19.00 ,2,240158.1348
2018/11/8,26.00 ,18.00 ,1,254604.9035
2018/11/9,26.00 ,18.00 ,2,237240.1517
2018/11/10,26.00 ,19.00 ,5,236685.0754
2018/11/11,28.00 ,21.00 ,1,240181.8901
2018/11/12,27.00 ,20.00 ,2,245964.0069
2018/11/13,28.00 ,20.00 ,1,256275.8323
2018/11/14,27.00 ,20.00 ,2,245091.144
2018/11/15,26.00 ,22.00 ,4,237749.486
2018/11/16,25.00 ,19.00 ,4,248203.4635
2018/11/17,22.00 ,18.00 ,2,219495.1758
2018/11/18,24.00 ,16.00 ,4,218270.1556
2018/11/19,21.00 ,15.00 ,5,238926.169
2018/11/20,24.00 ,19.00 ,2,227894.2396
2018/11/21,22.00 ,14.00 ,8,241424.7649
2018/11/22,21.00 ,12.00 ,0,253205.3088
2018/11/23,22.00 ,14.00 ,1,239794.5634
2018/11/24,23.00 ,15.00 ,0,235864.523
2018/11/25,23.00 ,16.00 ,2,238088.8585
2018/11/26,24.00 ,15.00 ,5,235679.9486
2018/11/27,24.00 ,17.00 ,2,249121.7536
2018/11/28,23.00 ,14.00 ,2,227232.8951
2018/11/29,24.00 ,15.00 ,1,237869.1433
2018/11/30,26.00 ,17.00 ,1,242030.9733
2018/12/1,24.00 ,17.00 ,4,226508.601
2018/12/2,27.00 ,20.00 ,1,226603.6008
2018/12/3,28.00 ,19.00 ,2,236339.2205
2018/12/4,28.00 ,19.00 ,1,235396.8346
2018/12/5,27.00 ,20.00 ,2,238172.4229
2018/12/6,26.00 ,14.00 ,4,249723.9204
2018/12/7,16.00 ,12.00 ,2,227886.3399
2018/12/8,15.00 ,9.00 ,4,233147.8865
2018/12/9,11.00 ,8.00 ,6,228552.2064
2018/12/10,13.00 ,10.00 ,4,251665.0151
2018/12/11,15.00 ,8.00 ,4,227857.8582
2018/12/12,10.00 ,7.00 ,4,237376.537
2018/12/13,13.00 ,9.00 ,2,240886.4539
2018/12/14,15.00 ,10.00 ,1,251596.3415
2018/12/15,19.00 ,12.00 ,1,230520.1612
2018/12/16,19.00 ,12.00 ,2,215408.8776
2018/12/17,20.00 ,10.00 ,0,238549.9946
2018/12/18,21.00 ,10.00 ,1,243089.2921
2018/12/19,22.00 ,15.00 ,1,251731.0204
2018/12/20,25.00 ,19.00 ,2,255653.0522
2018/12/21,26.00 ,17.00 ,1,250612.1769
2018/12/22,27.00 ,18.00 ,2,228157.3966
2018/12/23,21.00 ,14.00 ,2,226937.5863
2018/12/24,16.00 ,13.00 ,4,247573.567
2018/12/25,19.00 ,14.00 ,2,238607.8424
2018/12/26,23.00 ,14.00 ,1,235838.4681
2018/12/27,18.00 ,13.00 ,2,249269.0021
2018/12/28,18.00 ,8.00 ,2,227622.7723
2018/12/29,11.00 ,5.00 ,2,225655.8565
2018/12/30,10.00 ,5.00 ,2,218528.5403
2018/12/31,10.00 ,4.00 ,2,231975.9178
2019/1/1,12.00 ,7.00 ,2,188674.3413
2019/1/2,11.00 ,6.00 ,4,227172.8139
2019/1/3,15.00 ,9.00 ,4,233401.553
2019/1/4,17.00 ,12.00 ,4,229214.9112
2019/1/5,17.00 ,12.00 ,4,233426.76
2019/1/6,16.00 ,11.00 ,2,214906.597
2019/1/7,16.00 ,12.00 ,2,235772.3304
2019/1/8,15.00 ,12.00 ,2,237050.3499
2019/1/9,18.00 ,11.00 ,4,223549.0417
2019/1/10,17.00 ,13.00 ,2,238675.7713
2019/1/11,18.00 ,15.00 ,4,237232.8014
2019/1/12,20.00 ,14.00 ,2,217039.7622
2019/1/13,22.00 ,16.00 ,2,210945.4574
2019/1/14,22.00 ,15.00 ,2,223673.1991
2019/1/15,20.00 ,12.00 ,2,211178.0452
2019/1/16,15.00 ,10.00 ,2,219299.5296
2019/1/17,18.00 ,9.00 ,1,224100.4971
2019/1/18,18.00 ,9.00 ,2,216567.1573
2019/1/19,20.00 ,14.00 ,2,196901.0573
2019/1/20,22.00 ,12.00 ,2,221681.14
2019/1/21,17.00 ,8.00 ,1,201887.5215
2019/1/22,17.00 ,7.00 ,0,204425.9432
2019/1/23,19.00 ,9.00 ,0,197637.4668
2019/1/24,20.00 ,12.00 ,1,189493.0217
2019/1/25,23.00 ,12.00 ,0,185274.8467
2019/1/26,20.00 ,10.00 ,0,198862.3017
2019/1/27,23.00 ,12.00 ,1,179794.7647
2019/1/28,22.00 ,12.00 ,1,184972.4063
2019/1/29,23.00 ,14.00 ,2,178938.4247
2019/1/30,25.00 ,15.00 ,2,175921.6149
2019/1/31,24.00 ,12.00 ,1,172883.5067
2019/2/1,19.00 ,12.00 ,2,163268.8695
2019/2/2,23.00 ,15.00 ,2,161568.5224
2019/2/3,22.00 ,16.00 ,2,166368.4748
2019/2/4,26.00 ,18.00 ,2,162858.8448
2019/2/5,26.00 ,19.00 ,2,160471.4152
2019/2/6,26.00 ,20.00 ,2,158909.6637
2019/2/7,28.00 ,21.00 ,2,145996.1086
2019/2/8,28.00 ,20.00 ,1,163450.4612
2019/2/9,23.00 ,16.00 ,2,158400.8688
2019/2/10,12.00 ,12.00 ,2,158544.1589
2019/2/11,13.00 ,8.00 ,4,153842.3482
2019/2/12,20.00 ,11.00 ,1,169249.054
2019/2/13,24.00 ,18.00 ,2,174551.2953
2019/2/14,24.00 ,17.00 ,2,192240.3712
2019/2/15,25.00 ,17.00 ,5,188532.2608
2019/2/16,25.00 ,16.00 ,4,181453.2956
2019/2/17,15.00 ,12.00 ,6,207459.6176
2019/2/18,15.00 ,13.00 ,10,207425.6102
2019/2/19,20.00 ,16.00 ,4,212255.7871
2019/2/20,24.00 ,18.00 ,5,218099.4749
2019/2/21,24.00 ,15.00 ,10,217831.4221
2019/2/22,18.00 ,11.00 ,6,223110.3519
2019/2/23,13.00 ,11.00 ,4,207902.4986
2019/2/24,13.00 ,9.00 ,4,212263.2892
2019/2/25,16.00 ,12.00 ,4,243954.4061
2019/2/26,14.00 ,11.00 ,4,244053.7321
2019/2/27,22.00 ,15.00 ,2,219954.0679
2019/2/28,22.00 ,15.00 ,2,235712.986
2019/3/1,25.00 ,16.00 ,1,223633.4356
2019/3/2,26.00 ,15.00 ,6,218199.2487
2019/3/3,20.00 ,13.00 ,4,237327.9079
2019/3/4,22.00 ,13.00 ,4,237505.7461
2019/3/5,23.00 ,15.00 ,12,237831.3269
2019/3/6,19.00 ,14.00 ,8,240147.1002
2019/3/7,16.00 ,13.00 ,10,238823.3382
2019/3/8,16.00 ,13.00 ,5,232251.5569
2019/3/9,17.00 ,13.00 ,6,242184.7398
2019/3/10,17.00 ,12.00 ,5,220253.11
2019/3/11,22.00 ,14.00 ,1,237251.1869
2019/3/12,24.00 ,14.00 ,1,238754.715
2019/3/13,25.00 ,17.00 ,7,235930.439
2019/3/14,20.00 ,18.00 ,6,227109.9776
2019/3/15,19.00 ,14.00 ,4,250784.9654
2019/3/16,22.00 ,17.00 ,2,232884.0187
2019/3/17,24.00 ,17.00 ,2,218047.6153
2019/3/18,23.00 ,17.00 ,4,235449.2714
2019/3/19,27.00 ,19.00 ,1,238795.0647
2019/3/20,28.00 ,22.00 ,1,228999.3157
2019/3/21,29.00 ,22.00 ,5,233919.7604
2019/3/22,28.00 ,18.00 ,12,246954.1098
2019/3/23,17.00 ,13.00 ,6,230747.1939
2019/3/24,18.00 ,12.00 ,6,227333.69
2019/3/25,18.00 ,14.00 ,4,234633.7626
2019/3/26,26.00 ,18.00 ,2,235059.3503
2019/3/27,25.00 ,20.00 ,2,239449.5662
2019/3/28,27.00 ,21.00 ,2,229795.1515
2019/3/29,26.00 ,21.00 ,6,233082.6372
2019/3/30,27.00 ,20.00 ,1,224920.7216
2019/3/31,26.00 ,18.00 ,7,216054.4806
2019/4/1,22.00 ,16.00 ,4,236762.089
2019/4/2,24.00 ,17.00 ,2,240892.9391
2019/4/3,27.00 ,20.00 ,5,242392.9409
2019/4/4,23.00 ,17.00 ,5,224295.7213
2019/4/5,27.00 ,18.00 ,1,203214.8587
2019/4/6,28.00 ,21.00 ,1,216375.1133
2019/4/7,30.00 ,22.00 ,1,246176.564
2019/4/8,31.00 ,24.00 ,1,251748.967
2019/4/9,31.00 ,24.00 ,1,247087.9891
2019/4/10,30.00 ,22.00 ,12,255334.1018
2019/4/11,30.00 ,23.00 ,8,245908.9843
2019/4/12,19.00 ,16.00 ,11,239987.6518
2019/4/13,22.00 ,17.00 ,9,239953.277
2019/4/14,25.00 ,20.00 ,9,234393.2908
2019/4/15,25.00 ,20.00 ,9,236479.0566
2019/4/16,23.00 ,19.00 ,6,241856.5226
2019/4/17,27.00 ,20.00 ,1,232647.6373
2019/4/18,25.00 ,22.00 ,11,234484.0117
2019/4/19,25.00 ,22.00 ,11,231008.4627
2019/4/20,28.00 ,20.00 ,12,234317.8856
2019/4/21,27.00 ,23.00 ,7,236016.151
2019/4/22,30.00 ,24.00 ,12,258492.9765
2019/4/23,30.00 ,24.00 ,5,265531.6487
2019/4/24,33.00 ,25.00 ,1,264483.2432
2019/4/25,32.00 ,25.00 ,12,269944.9884
2019/4/26,30.00 ,25.00 ,10,260520.493
2019/4/27,26.00 ,22.00 ,5,238817.3154
2019/4/28,27.00 ,22.00 ,12,253590.0153
2019/4/29,30.00 ,23.00 ,12,273088.2867
2019/4/30,27.00 ,21.00 ,11,238065.7254
2019/5/1,27.00 ,19.00 ,1,206913.6718
2019/5/2,25.00 ,20.00 ,5,216627.9483
2019/5/3,26.00 ,20.00 ,1,223189.5312
2019/5/4,25.00 ,21.00 ,4,217224.3858
2019/5/5,22.00 ,18.00 ,10,247172.2314
2019/5/6,23.00 ,19.00 ,8,244074.5076
2019/5/7,23.00 ,19.00 ,7,235570.9888
2019/5/8,22.00 ,19.00 ,10,245802.7148
2019/5/9,24.00 ,20.00 ,2,247705.8771
2019/5/10,29.00 ,23.00 ,1,264093.2161
2019/5/11,32.00 ,24.00 ,1,260864.259
2019/5/12,32.00 ,23.00 ,1,244543.2923
2019/5/13,33.00 ,25.00 ,1,265384.3795
2019/5/14,32.00 ,26.00 ,1,279394.9885
2019/5/15,32.00 ,26.00 ,12,260222.4152
2019/5/16,33.00 ,26.00 ,12,267034.8254
2019/5/17,34.00 ,27.00 ,12,269511.5174
2019/5/18,35.00 ,27.00 ,12,257319.0494
2019/5/19,35.00 ,24.00 ,12,257887.8541
2019/5/20,31.00 ,24.00 ,7,265268.9761
2019/5/21,31.00 ,24.00 ,5,260941.3391
2019/5/22,29.00 ,24.00 ,10,258024.8496
2019/5/23,29.00 ,23.00 ,9,262874.4047
2019/5/24,29.00 ,24.00 ,8,259200.6693
2019/5/25,31.00 ,25.00 ,8,272310.9755
2019/5/26,30.00 ,24.00 ,10,247575.7249
2019/5/27,29.00 ,24.00 ,11,259160.8645
2019/5/28,29.00 ,24.00 ,11,267254.5948
2019/5/29,27.00 ,24.00 ,11,257981.1995
2019/5/30,29.00 ,24.00 ,10,256111.0611
2019/5/31,29.00 ,25.00 ,7,251267.5302
2019/6/1,30.00 ,25.00 ,10,244177.8973
2019/6/2,31.00 ,25.00 ,10,242945.7438
2019/6/3,31.00 ,25.00 ,12,243221.65
2019/6/4,34.00 ,26.00 ,12,275636.3116
2019/6/5,33.00 ,26.00 ,12,276693.7747
2019/6/6,35.00 ,26.00 ,12,275365.319
2019/6/7,35.00 ,28.00 ,12,221743.824
2019/6/8,35.00 ,28.00 ,5,248322.7241
2019/6/9,35.00 ,27.00 ,12,232768.6308
2019/6/10,33.00 ,24.00 ,10,253324.9411
2019/6/11,29.00 ,25.00 ,8,274152.8875
2019/6/12,30.00 ,24.00 ,10,242426.5674
2019/6/13,31.00 ,25.00 ,11,246777.0207
2019/6/14,33.00 ,25.00 ,1,195555.5414
2019/6/15,35.00 ,25.00 ,1,23883.3658
2019/6/16,33.00 ,26.00 ,12,182475.6018
2019/6/17,32.00 ,26.00 ,12,244356.9065
2019/6/18,33.00 ,26.00 ,6,255775.3042
2019/6/19,35.00 ,27.00 ,5,259798.6473
2019/6/20,35.00 ,28.00 ,1,270012.0151
2019/6/21,35.00 ,28.00 ,12,271250.199
2019/6/22,35.00 ,29.00 ,1,261386.7295
2019/6/23,34.00 ,26.00 ,11,245858.0528
2019/6/24,27.00 ,25.00 ,10,249584.8939
2019/6/25,30.00 ,26.00 ,10,244594.9278
2019/6/26,31.00 ,26.00 ,7,242001.2664
2019/6/27,34.00 ,27.00 ,12,253687.289
2019/6/28,35.00 ,28.00 ,12,277395.2804
2019/6/29,36.00 ,28.00 ,12,269802.4017
2019/6/30,36.00 ,28.00 ,12,248021.4011
2019/7/1,34.00 ,28.00 ,8,280719.9865
2019/7/2,34.00 ,25.00 ,5,277000.8188
2019/7/3,30.00 ,26.00 ,10,295079.4532
2019/7/4,33.00 ,26.00 ,12,300356.7927
2019/7/5,34.00 ,28.00 ,5,298731.0003
2019/7/6,35.00 ,28.00 ,5,274933.9807
2019/7/7,35.00 ,28.00 ,1,281723.1953
2019/7/8,35.00 ,28.00 ,12,285384.0127
2019/7/9,32.00 ,25.00 ,12,278746.6227
2019/7/10,30.00 ,26.00 ,12,289884.8988
2019/7/11,30.00 ,26.00 ,5,279444.2569
2019/7/12,34.00 ,27.00 ,12,273591.4651
2019/7/13,34.00 ,28.00 ,5,263236.665
2019/7/14,34.00 ,28.00 ,5,279543.9764
2019/7/15,35.00 ,27.00 ,12,283671.1782
2019/7/16,35.00 ,28.00 ,1,299738.2925
2019/7/17,37.00 ,29.00 ,0,306991.8744
2019/7/18,37.00 ,28.00 ,5,288794.2975
2019/7/19,36.00 ,28.00 ,12,292344.1216
2019/7/20,34.00 ,27.00 ,12,276643.4115
2019/7/21,35.00 ,27.00 ,12,260717.5432
2019/7/22,33.00 ,26.00 ,12,279549.3089
2019/7/23,34.00 ,26.00 ,12,277630.1956
2019/7/24,34.00 ,26.00 ,12,275877.3936
2019/7/25,34.00 ,27.00 ,12,299595.8039
2019/7/26,35.00 ,27.00 ,12,275392.9048
2019/7/27,36.00 ,27.00 ,1,277501.2251
2019/7/28,35.00 ,27.00 ,12,248842.2904
2019/7/29,33.00 ,28.00 ,12,283385.6617
2019/7/30,33.00 ,26.00 ,5,296007.8859
2019/7/31,30.00 ,26.00 ,10,281443.4167
2019/8/1,29.00 ,25.00 ,11,281193.1955
2019/8/2,29.00 ,25.00 ,9,281495.2938
2019/8/3,30.00 ,25.00 ,9,267913.1266
2019/8/4,33.00 ,27.00 ,1,255114.7797
2019/8/5,35.00 ,27.00 ,1,272920.6238
2019/8/6,35.00 ,28.00 ,5,303133.0668
2019/8/7,36.00 ,27.00 ,12,302552.4539
2019/8/8,37.00 ,28.00 ,1,285916.6942
2019/8/9,37.00 ,28.00 ,0,281650.2974
2019/8/10,37.00 ,28.00 ,12,274133.6232
2019/8/11,35.00 ,28.00 ,12,267838.3905
2019/8/12,34.00 ,27.00 ,12,289872.6779
2019/8/13,36.00 ,27.00 ,12,304405.386
2019/8/14,35.00 ,27.00 ,12,291944.9083
2019/8/15,35.00 ,26.00 ,12,287913.9792
2019/8/16,35.00 ,27.00 ,12,276972.8016
2019/8/17,32.00 ,26.00 ,8,273156.568
2019/8/18,30.00 ,25.00 ,12,259625.2649
2019/8/19,31.00 ,25.00 ,12,273049.6516
2019/8/20,35.00 ,26.00 ,12,299187.479
2019/8/21,35.00 ,27.00 ,5,301932.9103
2019/8/22,35.00 ,28.00 ,12,286900.1351
2019/8/23,34.00 ,27.00 ,1,280074.7905
2019/8/24,37.00 ,27.00 ,2,291851.7256
2019/8/25,33.00 ,26.00 ,8,257405.2012
2019/8/26,30.00 ,25.00 ,9,273727.7425
2019/8/27,33.00 ,27.00 ,5,273788.4613
2019/8/28,36.00 ,27.00 ,1,277895.626
2019/8/29,33.00 ,26.00 ,12,283085.6198
2019/8/30,31.00 ,26.00 ,10,278211.6335
2019/8/31,30.00 ,25.00 ,12,283806.2186
2019/9/1,33.00 ,25.00 ,8,255937.8864
2019/9/2,31.00 ,25.00 ,9,277304.1537
2019/9/3,31.00 ,24.00 ,12,297573.0452
2019/9/4,32.00 ,25.00 ,7,267032.9942
2019/9/5,32.00 ,25.00 ,12,271065.1978
2019/9/6,33.00 ,26.00 ,5,300331.1585
2019/9/7,36.00 ,27.00 ,0,279942.3555
2019/9/8,35.00 ,27.00 ,1,258103.5953
2019/9/9,35.00 ,26.00 ,12,309370.9799
2019/9/10,35.00 ,27.00 ,5,278924.4914
2019/9/11,35.00 ,27.00 ,1,292513.2692
2019/9/12,35.00 ,26.00 ,5,290473.6552
2019/9/13,36.00 ,27.00 ,1,243088.1468
2019/9/14,34.00 ,27.00 ,12,258157.6313
2019/9/15,32.00 ,26.00 ,12,269228.8331
2019/9/16,33.00 ,25.00 ,12,275426.499
2019/9/17,33.00 ,26.00 ,5,272293.6565
2019/9/18,34.00 ,25.00 ,12,280491.0116
2019/9/19,34.00 ,24.00 ,0,284883.3904
2019/9/20,32.00 ,23.00 ,0,282835.1853
2019/9/21,32.00 ,23.00 ,0,271116.9146
2019/9/22,31.00 ,22.00 ,0,277255.7448
2019/9/23,30.00 ,21.00 ,0,278458.0122
2019/9/24,32.00 ,23.00 ,0,273918.7077
2019/9/25,32.00 ,23.00 ,0,294237.3866
2019/9/26,33.00 ,23.00 ,0,265738.1122
2019/9/27,33.00 ,23.00 ,0,292103.0858
2019/9/28,33.00 ,23.00 ,0,272596.6027
2019/9/29,33.00 ,23.00 ,0,263497.8786
2019/9/30,34.00 ,22.00 ,0,261256.8348
2019/10/1,35.00 ,24.00 ,0,214467.2244
2019/10/2,34.00 ,25.00 ,0,237499.4411
2019/10/3,35.00 ,26.00 ,0,249484.6873
2019/10/4,34.00 ,25.00 ,0,260826.1344
2019/10/5,34.00 ,25.00 ,1,249096.2274
2019/10/6,33.00 ,23.00 ,6,252613.776
2019/10/7,30.00 ,23.00 ,5,285950.2348
2019/10/8,32.00 ,24.00 ,1,280650.9617
2019/10/9,31.00 ,23.00 ,4,278272.4917
2019/10/10,32.00 ,25.00 ,1,277977.5293
2019/10/11,33.00 ,25.00 ,0,300026.7991
2019/10/12,33.00 ,24.00 ,12,283411.5775
2019/10/13,31.00 ,23.00 ,12,251931.3991
2019/10/14,29.00 ,23.00 ,1,264197.8172
2019/10/15,30.00 ,23.00 ,0,258957.6355
2019/10/16,31.00 ,23.00 ,1,256592.8598
2019/10/17,31.00 ,21.00 ,0,274061.5853
2019/10/18,30.00 ,20.00 ,0,284672.56
2019/10/19,31.00 ,22.00 ,0,246433.4233
2019/10/20,30.00 ,22.00 ,0,245985.8111
2019/10/21,30.00 ,21.00 ,0,279116.2978
2019/10/22,30.00 ,22.00 ,1,285540.7684
2019/10/23,30.00 ,22.00 ,4,274832.193
2019/10/24,28.00 ,22.00 ,2,272041.1134
2019/10/25,30.00 ,21.00 ,1,253212.1644
2019/10/26,28.00 ,21.00 ,2,260785.3083
2019/10/27,26.00 ,20.00 ,2,245126.2513
2019/10/28,28.00 ,19.00 ,1,278581.4689
2019/10/29,27.00 ,17.00 ,0,259587.8228
2019/10/30,27.00 ,17.00 ,1,250303.9208
2019/10/31,28.00 ,19.00 ,1,250801.0251
2019/11/1,28.00 ,20.00 ,1,249899.2789
2019/11/2,31.00 ,23.00 ,1,263331.1742
2019/11/3,30.00 ,20.00 ,1,262297.3257
2019/11/4,28.00 ,18.00 ,0,241222.0118
2019/11/5,27.00 ,17.00 ,0,239490.3791
2019/11/6,28.00 ,18.00 ,0,238959.965
2019/11/7,27.00 ,17.00 ,1,237749.85
2019/11/8,27.00 ,17.00 ,0,237156.4228
2019/11/9,27.00 ,17.00 ,0,231231.9446
2019/11/10,27.00 ,16.00 ,0,224945.1091
2019/11/11,29.00 ,17.00 ,0,236751.4103
2019/11/12,28.00 ,19.00 ,0,241285.5808
2019/11/13,29.00 ,16.00 ,0,243199.6094
2019/11/14,25.00 ,16.00 ,0,237979.5324
2019/11/15,26.00 ,18.00 ,0,238679.0654
2019/11/16,29.00 ,20.00 ,0,232602.2116
2019/11/17,27.00 ,18.00 ,0,222339.313
2019/11/18,24.00 ,14.00 ,1,239452.9279
2019/11/19,22.00 ,14.00 ,0,233660.7969
2019/11/20,25.00 ,15.00 ,0,233587.0946
2019/11/21,24.00 ,17.00 ,0,233638.9529
2019/11/22,26.00 ,17.00 ,0,235072.4417
2019/11/23,28.00 ,17.00 ,0,231048.4716
2019/11/24,28.00 ,17.00 ,0,225095.4411
2019/11/25,28.00 ,16.00 ,1,237480.9969
2019/11/26,24.00 ,18.00 ,1,233463.8334
2019/11/27,25.00 ,15.00 ,1,236197.7654
2019/11/28,19.00 ,12.00 ,1,232442.1369
2019/11/29,21.00 ,12.00 ,1,231205.5517
2019/11/30,24.00 ,13.00 ,1,224660.4546
2019/12/1,25.00 ,13.00 ,0,214331.1627
2019/12/2,17.00 ,10.00 ,1,228045.9553
2019/12/3,19.00 ,10.00 ,0,229891.9537
2019/12/4,20.00 ,11.00 ,1,231311.433
2019/12/5,18.00 ,13.00 ,1,232349.0211
2019/12/6,20.00 ,9.00 ,0,229628.4804
2019/12/7,20.00 ,8.00 ,0,225936.5436
2019/12/8,21.00 ,10.00 ,0,217697.2033
2019/12/9,20.00 ,10.00 ,1,233147.4102
2019/12/10,22.00 ,10.00 ,0,229655.5202
2019/12/11,23.00 ,10.00 ,0,229995.8241
2019/12/12,24.00 ,12.00 ,0,231137.8087
2019/12/13,25.00 ,15.00 ,0,231496.4811
2019/12/14,25.00 ,14.00 ,1,226210.4675
2019/12/15,26.00 ,15.00 ,1,214685.7306
2019/12/16,25.00 ,19.00 ,2,230819.5641
2019/12/17,26.00 ,19.00 ,1,235242.7836
2019/12/18,27.00 ,16.00 ,4,239197.4133
2019/12/19,15.00 ,13.00 ,2,234356.3417
2019/12/20,20.00 ,13.00 ,2,231553.1555
2019/12/21,19.00 ,13.00 ,2,226063.6785
2019/12/22,22.00 ,16.00 ,2,218088.188
2019/12/23,23.00 ,15.00 ,4,230638.5975
2019/12/24,24.00 ,18.00 ,2,232945.0433
2019/12/25,22.00 ,16.00 ,1,232385.5684
2019/12/26,22.00 ,11.00 ,1,232210.9356
2019/12/27,18.00 ,10.00 ,0,230640.7355
2019/12/28,21.00 ,12.00 ,2,224488.8268
2019/12/29,18.00 ,15.00 ,4,217863.6872
2019/12/30,22.00 ,14.00 ,5,226062.6194
2019/12/31,22.00 ,14.00 ,1,220699.741
2020/1/1,21.00 ,14.00 ,2,186710.5015
2020/1/2,23.00 ,15.00 ,1,226577.925
2020/1/3,23.00 ,15.00 ,1,228546.9143
2020/1/4,24.00 ,16.00 ,1,224754.6597
2020/1/5,24.00 ,16.00 ,4,219153.2883
2020/1/6,25.00 ,20.00 ,2,228658.4205
2020/1/7,26.00 ,16.00 ,1,227857.8454
2020/1/8,24.00 ,15.00 ,1,225055.1678
2020/1/9,25.00 ,17.00 ,1,224447.7094
2020/1/10,25.00 ,19.00 ,2,222878.8863
2020/1/11,24.00 ,11.00 ,4,213847.3807
2020/1/12,15.00 ,9.00 ,2,202173.6823
2020/1/13,21.00 ,12.00 ,1,208829.778
2020/1/14,21.00 ,15.00 ,1,200661.6337
2020/1/15,23.00 ,14.00 ,1,193271.042
2020/1/16,23.00 ,13.00 ,2,187361.9988
2020/1/17,14.00 ,10.00 ,2,179869.6692
2020/1/18,15.00 ,12.00 ,2,167295.7811
2020/1/19,15.00 ,12.00 ,2,163151.2481
2020/1/20,18.00 ,12.00 ,2,152769.2001
2020/1/21,21.00 ,15.00 ,2,146109.7837
2020/1/22,24.00 ,18.00 ,2,135736.2162
2020/1/23,26.00 ,19.00 ,1,133852.9283
2020/1/24,27.00 ,19.00 ,2,125301.7075
2020/1/25,15.00 ,11.00 ,6,122493.5165
2020/1/26,15.00 ,7.00 ,4,120613.2124
2020/1/27,15.00 ,7.00 ,1,117852.1971
2020/1/28,15.00 ,7.00 ,1,117880.9752
2020/1/29,16.00 ,8.00 ,1,115131.6854
2020/1/30,17.00 ,8.00 ,0,116242.4956
2020/1/31,20.00 ,8.00 ,1,117684.5322
2020/2/1,19.00 ,10.00 ,2,116895.8552
2020/2/2,20.00 ,14.00 ,2,116823.3108
2020/2/3,19.00 ,11.00 ,6,120958.6412
2020/2/4,15.00 ,11.00 ,5,122151.101
2020/2/5,18.00 ,13.00 ,4,121963.0829
2020/2/6,18.00 ,14.00 ,4,121954.5717
2020/2/7,16.00 ,12.00 ,4,121692.6566
2020/2/8,19.00 ,13.00 ,2,120351.8711
2020/2/9,18.00 ,12.00 ,2,120932.5666
2020/2/10,19.00 ,14.00 ,4,133443.7027
2020/2/11,18.00 ,14.00 ,4,133753.3441
2020/2/12,21.00 ,16.00 ,4,136577.4429
2020/2/13,21.00 ,17.00 ,10,140354.506
2020/2/14,23.00 ,19.00 ,6,142360.0218
2020/2/15,21.00 ,8.00 ,11,141283.8109
2020/2/16,12.00 ,6.00 ,4,135959.8746
2020/2/17,16.00 ,6.00 ,0,149498.3959
2020/2/18,17.00 ,8.00 ,0,154987.9058
2020/2/19,19.00 ,10.00 ,1,157457.0563
2020/2/20,22.00 ,12.00 ,1,156564.737
2020/2/21,24.00 ,14.00 ,1,158898.8226
2020/2/22,26.00 ,15.00 ,1,158567.783
2020/2/23,26.00 ,16.00 ,1,157525.5182
2020/2/24,25.00 ,18.00 ,1,174219.0767
2020/2/25,27.00 ,18.00 ,1,179694.9678
2020/2/26,28.00 ,19.00 ,1,183243.7558
2020/2/27,28.00 ,18.00 ,2,187007.3985
2020/2/28,26.00 ,19.00 ,2,188934.4104
2020/2/29,27.00 ,18.00 ,2,185021.5556
2020/3/1,27.00 ,19.00 ,1,183684.2804
2020/3/2,26.00 ,18.00 ,1,199212.3436
2020/3/3,25.00 ,18.00 ,6,203077.9186
2020/3/4,18.00 ,13.00 ,8,204808.4827
2020/3/5,20.00 ,14.00 ,2,205582.1061
2020/3/6,21.00 ,18.00 ,2,206566.1593
2020/3/7,24.00 ,18.00 ,2,202235.5632
2020/3/8,26.00 ,22.00 ,2,198965.8769
2020/3/9,26.00 ,18.00 ,6,211462.2587
2020/3/10,23.00 ,16.00 ,1,210787.2708
2020/3/11,24.00 ,18.00 ,4,210818.9798
2020/3/12,23.00 ,18.00 ,2,212935.9473
2020/3/13,27.00 ,18.00 ,4,216219.9177
2020/3/14,21.00 ,16.00 ,2,210398.9051
2020/3/15,24.00 ,17.00 ,1,199176.0094
2020/3/16,23.00 ,19.00 ,2,214051.5377
2020/3/17,23.00 ,20.00 ,4,218995.4539
2020/3/18,22.00 ,18.00 ,7,217222.2499
2020/3/19,22.00 ,19.00 ,8,218764.6156
2020/3/20,24.00 ,21.00 ,5,219301.3436
2020/3/21,25.00 ,21.00 ,2,215129.7922
2020/3/22,29.00 ,21.00 ,1,210148.3479
2020/3/23,28.00 ,22.00 ,1,226618.2772
2020/3/24,29.00 ,22.00 ,5,225640.7489
2020/3/25,27.00 ,22.00 ,12,227029.7221
2020/3/26,27.00 ,20.00 ,12,225678.0687
2020/3/27,27.00 ,17.00 ,11,229461.074
2020/3/28,21.00 ,17.00 ,2,217455.8512
2020/3/29,21.00 ,18.00 ,4,211410.0279
2020/3/30,16.00 ,13.00 ,4,220588.6655
2020/3/31,16.00 ,13.00 ,5,221351.5861
2020/4/1,18.00 ,14.00 ,5,219790.1622
2020/4/2,18.00 ,14.00 ,4,219922.0643
2020/4/3,19.00 ,16.00 ,4,213644.6685
2020/4/4,18.00 ,15.00 ,5,179822.8472
2020/4/5,16.00 ,15.00 ,8,195843.6085
2020/4/6,16.00 ,14.00 ,10,212661.1811
2020/4/7,18.00 ,16.00 ,2,219099.1377
2020/4/8,24.00 ,17.00 ,1,219307.1996
2020/4/9,26.00 ,19.00 ,1,221256.1754
2020/4/10,28.00 ,19.00 ,1,221751.6845
2020/4/11,27.00 ,15.00 ,9,219161.8721
2020/4/12,22.00 ,11.00 ,0,205927.6451
2020/4/13,24.00 ,15.00 ,1,216379.2615
2020/4/14,23.00 ,15.00 ,2,220683.7283
2020/4/15,25.00 ,16.00 ,1,218637.1264
2020/4/16,27.00 ,18.00 ,1,220533.0261
2020/4/17,28.00 ,21.00 ,2,222598.921
2020/4/18,28.00 ,22.00 ,2,217453.591
2020/4/19,29.00 ,23.00 ,1,212899.7464
2020/4/20,31.00 ,24.00 ,1,234212.9114
2020/4/21,31.00 ,21.00 ,12,240529.4849
2020/4/22,23.00 ,18.00 ,8,224067.8655
2020/4/23,20.00 ,16.00 ,6,221456.5895
2020/4/24,19.00 ,15.00 ,4,219363.1136
2020/4/25,22.00 ,17.00 ,4,213296.4319
2020/4/26,25.00 ,19.00 ,2,212945.8688
2020/4/27,29.00 ,19.00 ,1,225364.9906
2020/4/28,30.00 ,20.00 ,1,231139.5146
2020/4/29,31.00 ,21.00 ,1,229704.7657
2020/4/30,31.00 ,22.00 ,1,227360.89
2020/5/1,32.00 ,23.00 ,1,186706.6413
2020/5/2,32.00 ,25.00 ,1,203371.0194
2020/5/3,33.00 ,25.00 ,0,215756.9538
2020/5/4,35.00 ,26.00 ,0,236955.1598
2020/5/5,35.00 ,27.00 ,1,244282.8308
2020/5/6,35.00 ,27.00 ,1,261604.5763
2020/5/7,35.00 ,28.00 ,1,264723.7923
2020/5/8,34.00 ,28.00 ,1,268339.1965
2020/5/9,35.00 ,27.00 ,12,267807.6531
2020/5/10,32.00 ,25.00 ,8,245702.5655
2020/5/11,31.00 ,24.00 ,8,264033.0126
2020/5/12,30.00 ,24.00 ,2,257740.9466
2020/5/13,33.00 ,26.00 ,12,262774.6737
2020/5/14,32.00 ,25.00 ,5,262234.4142
2020/5/15,34.00 ,26.00 ,1,264469.1725
2020/5/16,35.00 ,26.00 ,1,250365.3522
2020/5/17,32.00 ,24.00 ,10,234578.3838
2020/5/18,29.00 ,24.00 ,10,258178.845
2020/5/19,31.00 ,24.00 ,12,261626.276
2020/5/20,33.00 ,25.00 ,12,266453.7253
2020/5/21,29.00 ,25.00 ,11,268825.3403
2020/5/22,30.00 ,25.00 ,9,263825.0627
2020/5/23,30.00 ,24.00 ,12,247261.8511
2020/5/24,33.00 ,25.00 ,1,236934.3833
2020/5/25,30.00 ,25.00 ,10,263928.8327
2020/5/26,32.00 ,26.00 ,5,268193.1167
2020/5/27,31.00 ,25.00 ,2,258399.7289
2020/5/28,32.00 ,25.00 ,1,258465.6552
2020/5/29,31.00 ,25.00 ,5,265589.133
2020/5/30,30.00 ,26.00 ,12,248501.9858
2020/5/31,33.00 ,26.00 ,12,238017.5703
2020/6/1,31.00 ,26.00 ,12,265452.3274
2020/6/2,31.00 ,26.00 ,9,259558.8689
2020/6/3,33.00 ,25.00 ,12,262939.7895
2020/6/4,33.00 ,26.00 ,12,269998.3766
2020/6/5,33.00 ,25.00 ,12,272392.3744
2020/6/6,30.00 ,25.00 ,11,252122.1456
2020/6/7,29.00 ,25.00 ,12,234502.2087
2020/6/8,30.00 ,26.00 ,11,262500.656
2020/6/9,31.00 ,26.00 ,12,265019.4936
2020/6/10,32.00 ,26.00 ,1,264516.5225
2020/6/11,35.00 ,27.00 ,1,269195.9514
2020/6/12,35.00 ,27.00 ,1,270836.7008
2020/6/13,35.00 ,26.00 ,6,259351.9978
2020/6/14,30.00 ,25.00 ,9,238621.8203
2020/6/15,31.00 ,26.00 ,5,268854.317
2020/6/16,33.00 ,26.00 ,12,269116.8829
2020/6/17,33.00 ,25.00 ,5,269540.8402
2020/6/18,33.00 ,26.00 ,5,272122.2214
2020/6/19,35.00 ,27.00 ,0,271442.889
2020/6/20,35.00 ,27.00 ,1,259912.4941
2020/6/21,35.00 ,28.00 ,1,249366.7669
2020/6/22,35.00 ,28.00 ,1,278392.7457
2020/6/23,35.00 ,29.00 ,1,278194.7777
2020/6/24,35.00 ,28.00 ,1,278263.5323
2020/6/25,31.00 ,27.00 ,12,221704.5348
2020/6/26,34.00 ,27.00 ,1,247414.303
2020/6/27,35.00 ,27.00 ,1,254672.2025
2020/6/28,35.00 ,28.00 ,1,272459.5273
2020/6/29,35.00 ,28.00 ,1,274207.2761
2020/6/30,35.00 ,28.00 ,1,276624.7687
2020/7/1,34.00 ,26.00 ,12,273928.2459
2020/7/2,34.00 ,27.00 ,12,278968.6794
2020/7/3,33.00 ,27.00 ,12,273194.8865
2020/7/4,33.00 ,27.00 ,12,260221.9505
2020/7/5,35.00 ,27.00 ,1,248608.1813
2020/7/6,36.00 ,27.00 ,5,278611.3353
2020/7/7,35.00 ,28.00 ,1,280185.3914
2020/7/8,34.00 ,28.00 ,5,280456.5578
2020/7/9,34.00 ,27.00 ,12,282065.4657
2020/7/10,35.00 ,29.00 ,1,282146.8626
2020/7/11,35.00 ,29.00 ,1,269497.5368
2020/7/12,35.00 ,28.00 ,1,254936.1622
2020/7/13,36.00 ,28.00 ,0,283502.8823
2020/7/14,37.00 ,28.00 ,1,285426.857
2020/7/15,37.00 ,28.00 ,0,284451.525
2020/7/16,36.00 ,29.00 ,1,283500.5422
2020/7/17,36.00 ,29.00 ,0,282914.6269
2020/7/18,37.00 ,28.00 ,1,271810.6729
2020/7/19,36.00 ,28.00 ,1,254613.0269
2020/7/20,36.00 ,29.00 ,1,281874.1932
2020/7/21,36.00 ,28.00 ,1,282534.9592
2020/7/22,37.00 ,28.00 ,0,281338.6125
2020/7/23,36.00 ,28.00 ,0,282416.8673
2020/7/24,38.00 ,28.00 ,1,283157.2516
2020/7/25,37.00 ,29.00 ,0,271266.5525
2020/7/26,38.00 ,29.00 ,0,254224.4318
2020/7/27,37.00 ,29.00 ,1,284770.553
2020/7/28,36.00 ,28.00 ,1,283874.5247
2020/7/29,37.00 ,28.00 ,1,283853.4996
2020/7/30,35.00 ,27.00 ,12,285616.4519
2020/7/31,31.00 ,26.00 ,8,275376.1409
2020/8/1,31.00 ,26.00 ,8,260173.0663
2020/8/2,29.00 ,25.00 ,9,244379.2443
2020/8/3,31.00 ,25.00 ,7,269334.2715
2020/8/4,35.00 ,26.00 ,12,270041.4218
2020/8/5,30.00 ,25.00 ,8,267072.729
2020/8/6,33.00 ,26.00 ,12,272939.0993
2020/8/7,35.00 ,26.00 ,1,276048.2371
2020/8/8,34.00 ,26.00 ,4,266373.3509
2020/8/9,36.00 ,27.00 ,1,254796.8545
2020/8/10,36.00 ,27.00 ,1,280497.0311
2020/8/11,36.00 ,27.00 ,1,282048.517
2020/8/12,32.00 ,26.00 ,12,276057.3588
2020/8/13,33.00 ,25.00 ,8,271812.2903
2020/8/14,33.00 ,26.00 ,12,275745.4044
2020/8/15,34.00 ,26.00 ,5,258104.5563
2020/8/16,34.00 ,27.00 ,12,246111.9555
2020/8/17,33.00 ,26.00 ,4,275121.8622
2020/8/18,33.00 ,25.00 ,4,277583.6676
2020/8/19,28.00 ,26.00 ,4,263860.0167
2020/8/20,32.00 ,27.00 ,12,273481.3065
2020/8/21,36.00 ,26.00 ,4,275919.5869
2020/8/22,35.00 ,26.00 ,1,266231.6338
2020/8/23,35.00 ,26.00 ,12,253937.5853
2020/8/24,34.00 ,26.00 ,1,283655.4711
2020/8/25,36.00 ,26.00 ,1,287386.0752
2020/8/26,31.00 ,24.00 ,2,284160.188
2020/8/27,34.00 ,25.00 ,1,281054.8171
2020/8/28,36.00 ,27.00 ,1,283710.2902
2020/8/29,36.00 ,28.00 ,1,269452.8383
2020/8/30,35.00 ,27.00 ,1,256631.7042
2020/8/31,35.00 ,27.00 ,12,278106.4172
2020/9/1,36.00 ,28.00 ,12,282802.8604
2020/9/2,36.00 ,27.00 ,1,287010.4516
2020/9/3,36.00 ,28.00 ,1,286197.9387
2020/9/4,35.00 ,27.00 ,12,289028.5063
2020/9/5,33.00 ,27.00 ,12,264714.5936
2020/9/6,34.00 ,26.00 ,12,256750.9357
2020/9/7,33.00 ,25.00 ,12,284867.335
2020/9/8,32.00 ,26.00 ,12,275686.3198
2020/9/9,33.00 ,25.00 ,12,277861.8696
2020/9/10,32.00 ,25.00 ,12,281310.6953
2020/9/11,33.00 ,25.00 ,12,283439.672
2020/9/12,32.00 ,25.00 ,8,272548.5661
2020/9/13,31.00 ,24.00 ,12,254768.8736
2020/9/14,33.00 ,25.00 ,12,277820.2716
2020/9/15,31.00 ,25.00 ,12,273081.1369
2020/9/16,32.00 ,24.00 ,12,275843.6807
2020/9/17,33.00 ,25.00 ,12,279487.397
2020/9/18,29.00 ,24.00 ,8,275579.6071
2020/9/19,28.00 ,25.00 ,12,259657.0119
2020/9/20,30.00 ,25.00 ,12,253690.1431
2020/9/21,33.00 ,25.00 ,12,278777.8796
2020/9/22,32.00 ,24.00 ,12,280219.9288
2020/9/23,31.00 ,24.00 ,12,280303.0075
2020/9/24,30.00 ,24.00 ,12,269257.1234
2020/9/25,31.00 ,24.00 ,1,266644.8381
2020/9/26,28.00 ,24.00 ,8,259831.1066
2020/9/27,28.00 ,23.00 ,12,252791.1281
2020/9/28,30.00 ,25.00 ,12,258085.5233
2020/9/29,29.00 ,24.00 ,12,265863.5546
2020/9/30,30.00 ,23.00 ,12,265720.0419
2020/10/1,28.00 ,24.00 ,12,195753.5881
2020/10/2,31.00 ,23.00 ,12,204783.4303
2020/10/3,31.00 ,23.00 ,1,224688.6131
2020/10/4,33.00 ,22.00 ,12,237674.395
2020/10/5,28.00 ,21.00 ,2,245155.299
2020/10/6,29.00 ,21.00 ,1,242697.1253
2020/10/7,29.00 ,21.00 ,1,239676.3881
2020/10/8,27.00 ,20.00 ,1,236967.8182
2020/10/9,27.00 ,20.00 ,1,245586.3939
2020/10/10,28.00 ,21.00 ,1,250804.3484
2020/10/11,29.00 ,21.00 ,1,241012.9712
2020/10/12,28.00 ,21.00 ,1,260090.4776
2020/10/13,26.00 ,22.00 ,4,258893.7034
2020/10/14,24.00 ,22.00 ,4,262320.3282
2020/10/15,29.00 ,22.00 ,2,262505.2116
2020/10/16,30.00 ,20.00 ,1,258403.1974
2020/10/17,29.00 ,22.00 ,1,246364.2251
2020/10/18,28.00 ,21.00 ,1,238006.5561
2020/10/19,26.00 ,20.00 ,1,247830.0907
2020/10/20,26.00 ,19.00 ,1,248577.2472
2020/10/21,27.00 ,19.00 ,2,245977.8537
2020/10/22,25.00 ,19.00 ,1,246112.0111
2020/10/23,26.00 ,17.00 ,2,242388.2719
2020/10/24,24.00 ,20.00 ,2,238126.8097
2020/10/25,27.00 ,20.00 ,2,233082.1749
2020/10/26,29.00 ,21.00 ,1,252483.7505
2020/10/27,30.00 ,21.00 ,1,256304.6633
2020/10/28,31.00 ,21.00 ,1,256606.6211
2020/10/29,25.00 ,19.00 ,4,251262.3464
2020/10/30,27.00 ,20.00 ,1,247299.379
2020/10/31,27.00 ,21.00 ,1,238728.1065
2020/11/1,29.00 ,20.00 ,1,229288.5445
2020/11/2,27.00 ,19.00 ,2,248896.4193
2020/11/3,26.00 ,19.00 ,1,247232.1429
2020/11/4,27.00 ,19.00 ,1,244867.2642
2020/11/5,28.00 ,18.00 ,1,248542.1416
2020/11/6,29.00 ,20.00 ,1,250156.8387
2020/11/7,29.00 ,20.00 ,1,245412.5719
2020/11/8,27.00 ,19.00 ,1,235824.7834
2020/11/9,26.00 ,17.00 ,1,244559.4973
2020/11/10,25.00 ,18.00 ,1,243818.4558
2020/11/11,25.00 ,15.00 ,1,243219.9958
2020/11/12,27.00 ,17.00 ,1,243118.3793
2020/11/13,27.00 ,18.00 ,2,244388.4502
2020/11/14,24.00 ,20.00 ,2,238871.0845
2020/11/15,25.00 ,19.00 ,1,227423.303
2020/11/16,28.00 ,19.00 ,1,245727.3535
2020/11/17,29.00 ,21.00 ,2,249822.0539
2020/11/18,28.00 ,22.00 ,2,253596.4497
2020/11/19,28.00 ,23.00 ,1,258387.9186
2020/11/20,30.00 ,23.00 ,1,261657.2915
2020/11/21,27.00 ,22.00 ,2,252622.8335
2020/11/22,28.00 ,18.00 ,4,242439.3411
2020/11/23,25.00 ,17.00 ,1,244836.0218
2020/11/24,26.00 ,17.00 ,1,245671.1848
2020/11/25,27.00 ,19.00 ,1,247753.0271
2020/11/26,27.00 ,16.00 ,1,248084.4244
2020/11/27,23.00 ,15.00 ,1,242663.8044
2020/11/28,22.00 ,14.00 ,1,237249.1689
2020/11/29,22.00 ,14.00 ,1,226570.9501
2020/11/30,21.00 ,14.00 ,0,234281.6511
2020/12/1,22.00 ,14.00 ,1,234836.2037
2020/12/2,23.00 ,12.00 ,1,237670.2249
2020/12/3,21.00 ,11.00 ,0,239004.417
2020/12/4,17.00 ,10.00 ,1,238464.538
2020/12/5,18.00 ,12.00 ,1,233561.1782
2020/12/6,21.00 ,14.00 ,1,227305.1612
2020/12/7,22.00 ,11.00 ,1,236838.309
2020/12/8,21.00 ,14.00 ,1,238850.8529
2020/12/9,22.00 ,14.00 ,1,238439.1525
2020/12/10,20.00 ,15.00 ,2,238784.956
2020/12/11,23.00 ,18.00 ,1,238020.8496
2020/12/12,23.00 ,17.00 ,1,235260.4691
2020/12/13,20.00 ,14.00 ,4,225834.6387
2020/12/14,16.00 ,9.00 ,4,239586.2965
2020/12/15,13.00 ,8.00 ,2,241472.6957
2020/12/16,14.00 ,10.00 ,1,240576.6064
2020/12/17,14.00 ,8.00 ,1,242596.837
2020/12/18,13.00 ,10.00 ,1,243892.4307
2020/12/19,14.00 ,8.00 ,1,237924.1197
2020/12/20,15.00 ,9.00 ,2,228080.0558
2020/12/21,17.00 ,10.00 ,1,240831.2142
2020/12/22,18.00 ,11.00 ,2,239825.671
2020/12/23,17.00 ,14.00 ,5,239998.4021
2020/12/24,23.00 ,10.00 ,1,238613.3952
2020/12/25,20.00 ,14.00 ,2,241270.3658
2020/12/26,20.00 ,16.00 ,1,233707.919
2020/12/27,24.00 ,17.00 ,1,228691.0506
2020/12/28,26.00 ,14.00 ,1,237276.6545
2020/12/29,25.00 ,9.00 ,1,240264.3658
2020/12/30,14.00 ,5.00 ,1,234852.4782
2020/12/31,13.00 ,3.00 ,1,233040.6799
2021/1/1,14.00 ,7.00 ,1,197261.8285
2021/1/2,17.00 ,7.00 ,0,216926.3802
2021/1/3,19.00 ,10.00 ,1,227274.5354
2021/1/4,22.00 ,15.00 ,2,238898.5202
2021/1/5,21.00 ,12.00 ,2,239490.7252
2021/1/6,19.00 ,10.00 ,1,239761.3482
2021/1/7,15.00 ,4.00 ,2,238957.749
2021/1/8,11.00 ,5.00 ,2,246508.9217
2021/1/9,10.00 ,6.00 ,2,240201.1257
2021/1/10,12.00 ,8.00 ,2,229352.7308
2021/1/11,12.00 ,5.00 ,1,244896.7687
2021/1/12,15.00 ,4.00 ,0,244265.7734
2021/1/13,18.00 ,7.00 ,1,242461.3837
2021/1/14,22.00 ,10.00 ,0,238489.7575
2021/1/15,22.00 ,11.00 ,1,237310.3984
2021/1/16,23.00 ,12.00 ,1,231603.2119
2021/1/17,17.00 ,7.00 ,1,219009.0951
2021/1/18,18.00 ,7.00 ,1,235638.484
2021/1/19,19.00 ,12.00 ,2,232847.358
2021/1/20,21.00 ,14.00 ,1,230892.0861
2021/1/21,25.00 ,16.00 ,2,227913.9907
2021/1/22,22.00 ,13.00 ,4,228477.6556
2021/1/23,25.00 ,13.00 ,3,218947.1666
2021/1/24,26.00 ,15.00 ,1,209317.2446
2021/1/25,23.00 ,14.00 ,1,215857.4052
2021/1/26,24.00 ,15.00 ,1,211853.0242
2021/1/27,24.00 ,14.00 ,2,209384.8167
2021/1/28,20.00 ,10.00 ,0,203272.4283
2021/1/29,19.00 ,9.00 ,1,201979.5902
2021/1/30,22.00 ,12.00 ,1,197591.5145
2021/1/31,24.00 ,13.00 ,1,184114.1391
2021/2/1,25.00 ,14.00 ,1,191197.1007
2021/2/2,27.00 ,15.00 ,1,189790.009
2021/2/3,25.00 ,13.00 ,1,187235.2406
2021/2/4,27.00 ,13.00 ,0,184260.8221
2021/2/5,27.00 ,13.00 ,1,181822.4042
2021/2/6,27.00 ,15.00 ,1,172128.7075
2021/2/7,27.00 ,16.00 ,1,170321.3836
2021/2/8,26.00 ,15.00 ,2,162283.7334
2021/2/9,20.00 ,14.00 ,10,157322.1258
2021/2/10,17.00 ,12.00 ,6,144197.4364
2021/2/11,21.00 ,11.00 ,1,134859.6992
2021/2/12,22.00 ,14.00 ,0,140210.6116
2021/2/13,23.00 ,13.00 ,1,141267.3752
2021/2/14,25.00 ,14.00 ,1,142948.7468
2021/2/15,25.00 ,15.00 ,1,147552.0338
2021/2/16,25.00 ,15.00 ,1,149423.4032
2021/2/17,22.00 ,13.00 ,1,150967.5166
2021/2/18,22.00 ,11.00 ,0,155547.8422
2021/2/19,24.00 ,13.00 ,1,168281.6695
2021/2/20,25.00 ,14.00 ,0,177049.1993
2021/2/21,28.00 ,15.00 ,1,186626.759
2021/2/22,28.00 ,16.00 ,1,200784.3863
2021/2/23,29.00 ,17.00 ,1,168366.9385
2021/2/24,28.00 ,19.00 ,1,220423.3935
2021/2/25,26.00 ,18.00 ,4,223082.4364
2021/2/26,21.00 ,13.00 ,6,225321.6956
2021/2/27,21.00 ,16.00 ,2,182472.4828
2021/2/28,21.00 ,16.00 ,4,215130.1668
2021/3/1,24.00 ,13.00 ,4,232296.2395
2021/3/2,20.00 ,15.00 ,2,233139.4476
2021/3/3,23.00 ,17.00 ,2,237799.8373
2021/3/4,22.00 ,18.00 ,6,240040.3437
2021/3/5,21.00 ,18.00 ,12,241754.1209
2021/3/6,25.00 ,15.00 ,12,239838.2797
2021/3/7,20.00 ,15.00 ,1,227362.005
2021/3/8,21.00 ,13.00 ,5,242781.7341
2021/3/9,23.00 ,17.00 ,2,243396.9301
2021/3/10,25.00 ,18.00 ,4,242794.1171
2021/3/11,23.00 ,19.00 ,2,244712.6482
2021/3/12,26.00 ,20.00 ,5,247048.1126
2021/3/13,27.00 ,19.00 ,2,241627.6846
2021/3/14,27.00 ,19.00 ,2,233492.396
2021/3/15,27.00 ,19.00 ,2,247965.7571
2021/3/16,28.00 ,19.00 ,1,249660.6607
2021/3/17,29.00 ,20.00 ,2,252661.8086
2021/3/18,28.00 ,21.00 ,1,257781.5453
2021/3/19,30.00 ,21.00 ,2,258845.5956
2021/3/20,30.00 ,18.00 ,2,251904.3589
2021/3/21,18.00 ,13.00 ,4,230970.6873
2021/3/22,21.00 ,13.00 ,1,243191.2553
2021/3/23,21.00 ,16.00 ,4,244180.3722
2021/3/24,26.00 ,18.00 ,1,244880.2286
2021/3/25,27.00 ,16.00 ,1,246616.5637
2021/3/26,28.00 ,19.00 ,1,246271.2043
2021/3/27,28.00 ,21.00 ,2,246362.9719
2021/3/28,30.00 ,22.00 ,1,243073.4855
2021/3/29,32.00 ,23.00 ,1,261064.1234
2021/3/30,32.00 ,23.00 ,1,267689.7391
2021/3/31,30.00 ,24.00 ,1,263316.4464
2021/4/1,32.00 ,24.00 ,1,267430.7148
2021/4/2,32.00 ,24.00 ,1,268794.6822
2021/4/3,32.00 ,25.00 ,1,242777.1804
2021/4/4,29.00 ,20.00 ,1,201361.7961
2021/4/5,28.00 ,21.00 ,2,227106.0518
2021/4/6,30.00 ,22.00 ,2,255045.5794
2021/4/7,28.00 ,20.00 ,6,256551.7666
2021/4/8,23.00 ,18.00 ,6,252463.5476
2021/4/9,22.00 ,19.00 ,2,249346.1236
2021/4/10,25.00 ,19.00 ,2,245420.063
2021/4/11,28.00 ,19.00 ,2,242622.8806
2021/4/12,29.00 ,21.00 ,2,262730.0839
2021/4/13,30.00 ,22.00 ,1,268919.5842
2021/4/14,31.00 ,23.00 ,12,270592.9078
2021/4/15,27.00 ,21.00 ,11,264118.0711
2021/4/16,23.00 ,21.00 ,8,257628.7471
2021/4/17,24.00 ,20.00 ,12,247991.3274
2021/4/18,24.00 ,19.00 ,4,239820.5942
2021/4/19,22.00 ,19.00 ,12,251914.0396
2021/4/20,25.00 ,20.00 ,2,254118.4957
2021/4/21,28.00 ,21.00 ,2,260455.4831
2021/4/22,30.00 ,22.00 ,1,265033.7894
2021/4/23,31.00 ,23.00 ,1,270680.075
2021/4/24,32.00 ,25.00 ,12,263033.1212
2021/4/25,25.00 ,20.00 ,12,263705.1549
2021/4/26,26.00 ,21.00 ,12,210338.1321
2021/4/27,25.00 ,21.00 ,10,230145.1115
2021/4/28,23.00 ,19.00 ,6,229506.5913
2021/4/29,27.00 ,18.00 ,1,226720.8967
2021/4/30,29.00 ,19.00 ,1,227000.6334
2021/5/1,31.00 ,23.00 ,1,185259.8104
2021/5/2,30.00 ,22.00 ,12,200987.4876
2021/5/3,30.00 ,23.00 ,12,213355.0718
2021/5/4,30.00 ,21.00 ,4,259688.9821
2021/5/5,28.00 ,21.00 ,2,258369.9263
2021/5/6,31.00 ,22.00 ,2,273351.3468
2021/5/7,32.00 ,23.00 ,12,277192.1774
2021/5/8,33.00 ,23.00 ,12,282483.9416
2021/5/9,34.00 ,24.00 ,12,267265.2581
2021/5/10,32.00 ,24.00 ,2,284069.9999
2021/5/11,34.00 ,25.00 ,1,287697.8212
2021/5/12,34.00 ,25.00 ,12,286748.9045
2021/5/13,35.00 ,26.00 ,1,287906.2017
2021/5/14,35.00 ,26.00 ,12,284763.2868
2021/5/15,34.00 ,27.00 ,1,275494.0403
2021/5/16,35.00 ,26.00 ,12,267945.4877
2021/5/17,33.00 ,25.00 ,12,292638.0543
2021/5/18,32.00 ,26.00 ,7,293655.1528
2021/5/19,33.00 ,26.00 ,12,287651.2771
2021/5/20,34.00 ,28.00 ,1,284369.1724
2021/5/21,36.00 ,28.00 ,2,282806.8966
2021/5/22,36.00 ,28.00 ,1,272687.2918
2021/5/23,35.00 ,27.00 ,12,269982.4019
2021/5/24,33.00 ,26.00 ,12,283095.6731
2021/5/25,33.00 ,26.00 ,12,278337.5723
2021/5/26,35.00 ,26.00 ,1,277090.1277
2021/5/27,34.00 ,27.00 ,12,278738.1227
2021/5/28,35.00 ,27.00 ,12,278133.1925
2021/5/29,35.00 ,27.00 ,12,263287.5505
2021/5/30,33.00 ,26.00 ,10,257060.7934
2021/5/31,30.00 ,24.00 ,10,279118.9742
2021/6/1,32.00 ,26.00 ,10,269761.0625
2021/6/2,31.00 ,26.00 ,12,272159.4315
2021/6/3,35.00 ,24.00 ,8,279550.5191
2021/6/4,28.00 ,23.00 ,10,270282.6626
2021/6/5,32.00 ,24.00 ,2,257975.7593
2021/6/6,32.00 ,24.00 ,1,254922.2349
2021/6/7,31.00 ,24.00 ,7,278333.5726
2021/6/8,35.00 ,25.00 ,12,280617.4681
2021/6/9,34.00 ,25.00 ,12,284108.9338
2021/6/10,34.00 ,27.00 ,12,284523.1931
2021/6/11,34.00 ,25.00 ,12,281482.8987
2021/6/12,31.00 ,24.00 ,8,265095.0013
2021/6/13,32.00 ,27.00 ,12,251169.232
2021/6/14,31.00 ,25.00 ,12,215741.544
2021/6/15,34.00 ,27.00 ,12,281381.5371
2021/6/16,34.00 ,27.00 ,12,288130.3367
2021/6/17,34.00 ,27.00 ,1,289756.2559
2021/6/18,35.00 ,26.00 ,1,289031.6298
2021/6/19,36.00 ,28.00 ,1,279702.1231
2021/6/20,35.00 ,28.00 ,1,263958.0485
2021/6/21,35.00 ,25.00 ,10,293668.8335
2021/6/22,30.00 ,25.00 ,10,279647.9802
2021/6/23,30.00 ,25.00 ,12,277178.2929
2021/6/24,29.00 ,24.00 ,10,275933.0267
2021/6/25,32.00 ,26.00 ,12,283281.1744
2021/6/26,35.00 ,25.00 ,12,273016.5104
2021/6/27,34.00 ,26.00 ,12,262948.1572
2021/6/28,32.00 ,26.00 ,12,289269.0987
2021/6/29,33.00 ,26.00 ,12,287607.9187
2021/6/30,33.00 ,27.00 ,12,283108.8711
2021/7/1,35.00 ,28.00 ,1,283569.061
2021/7/2,35.00 ,27.00 ,6,288896.8733
2021/7/3,34.00 ,27.00 ,1,282144.3857
2021/7/4,35.00 ,27.00 ,1,266769.395
2021/7/5,35.00 ,28.00 ,1,291707.4702
2021/7/6,34.00 ,26.00 ,12,293906.8436
2021/7/7,33.00 ,27.00 ,12,293000.1116
2021/7/8,34.00 ,27.00 ,1,292637.5225
2021/7/9,36.00 ,28.00 ,1,290071.5331
2021/7/10,36.00 ,28.00 ,1,280406.2265
2021/7/11,36.00 ,27.00 ,1,265263.5565
2021/7/12,36.00 ,27.00 ,1,296903.4134
2021/7/13,36.00 ,28.00 ,1,297940.7667
2021/7/14,36.00 ,28.00 ,1,297518.1475
2021/7/15,37.00 ,27.00 ,1,295229.7493
2021/7/16,36.00 ,27.00 ,12,290941.3413
2021/7/17,34.00 ,27.00 ,12,276596.8918
2021/7/18,34.00 ,26.00 ,12,265036.6228
2021/7/19,31.00 ,26.00 ,6,286043.8597
2021/7/20,30.00 ,25.00 ,12,284999.0219
2021/7/21,30.00 ,26.00 ,12,283147.1292
2021/7/22,34.00 ,27.00 ,5,285135.6859
2021/7/23,37.00 ,27.00 ,0,289976.608
2021/7/24,37.00 ,27.00 ,1,279994.5543
2021/7/25,36.00 ,28.00 ,1,266310.0005
2021/7/26,37.00 ,27.00 ,12,290546.9334
2021/7/27,37.00 ,28.00 ,1,291851.0113
2021/7/28,37.00 ,28.00 ,12,287780.3093
2021/7/29,36.00 ,26.00 ,12,289034.4259
2021/7/30,34.00 ,26.00 ,12,285215.6941
2021/7/31,35.00 ,26.00 ,12,275344.7005
2021/8/1,34.00 ,25.00 ,12,260637.7529
2021/8/2,34.00 ,26.00 ,12,284900.7341
2021/8/3,34.00 ,26.00 ,12,289209.0973
2021/8/4,31.00 ,26.00 ,12,285892.6269
2021/8/5,33.00 ,26.00 ,12,280292.7636
2021/8/6,32.00 ,26.00 ,12,284681.6499
2021/8/7,33.00 ,26.00 ,6,275380.6489
2021/8/8,32.00 ,27.00 ,12,259421.7674
2021/8/9,35.00 ,26.00 ,12,283524.9962
2021/8/10,30.00 ,26.00 ,12,279225.6487
2021/8/11,33.00 ,26.00 ,12,281238.7353
2021/8/12,33.00 ,25.00 ,12,286814.3477
2021/8/13,34.00 ,26.00 ,12,284384.4596
2021/8/14,33.00 ,26.00 ,12,270718.6976
2021/8/15,32.00 ,25.00 ,12,255408.8861
2021/8/16,33.00 ,25.00 ,12,284429.1306
2021/8/17,34.00 ,27.00 ,1,287394.5761
2021/8/18,36.00 ,27.00 ,12,286183.2932
2021/8/19,33.00 ,25.00 ,12,283197.8842
2021/8/20,35.00 ,26.00 ,1,282857.9958
2021/8/21,36.00 ,27.00 ,0,271247.1051
2021/8/22,36.00 ,27.00 ,1,261417.1123
2021/8/23,36.00 ,27.00 ,1,285440.9907
2021/8/24,36.00 ,27.00 ,1,285304.5128
2021/8/25,33.00 ,26.00 ,12,283973.6636
2021/8/26,35.00 ,27.00 ,12,282771.3828
2021/8/27,35.00 ,26.00 ,12,283786.508
2021/8/28,33.00 ,26.00 ,12,272522.5991
2021/8/29,32.00 ,25.00 ,12,261364.9171
2021/8/30,34.00 ,26.00 ,5,285669.143
2021/8/31,32.00 ,26.00 ,12,280565.9749
