ds,y,wd
2018/1/1,257733.9648,12
2018/1/2,288502.5947,15
2018/1/3,300698.5858,15
2018/1/4,293806.5077,16
2018/1/5,295075.2147,13
2018/1/6,291465.15,11
2018/1/7,292661.2883,7
2018/1/8,299997.7041,5
2018/1/9,310392.7345,6
2018/1/10,306818.7119,7
2018/1/11,299302.4144,6
2018/1/12,302846.982,6
2018/1/13,293361.4419,7
2018/1/14,283362.4974,10
2018/1/15,290129.1856,10
2018/1/16,294721.0637,12
2018/1/17,294961.1641,14
2018/1/18,290300.2237,13
2018/1/19,299609.3093,17
2018/1/20,282911.8424,16
2018/1/21,290684.515,18
2018/1/22,284889.3107,19
2018/1/23,285749.4413,15
2018/1/24,286495.5221,17
2018/1/25,291820.343,13
2018/1/26,279917.4482,12
2018/1/27,275494.5232,8
2018/1/28,279548.9776,5
2018/1/29,302621.3153,6
2018/1/30,295016.9526,5
2018/1/31,292235.2609,4
2018/2/1,284312.842,5
2018/2/2,282105.1603,4
2018/2/3,258906.693,4
2018/2/4,257377.9674,4
2018/2/5,256420.9913,4
2018/2/6,242882.1822,5
2018/2/7,236223.8839,8
2018/2/8,219930.4795,10
2018/2/9,214977.995,11
2018/2/10,208286.4532,9
2018/2/11,214648.154,9
2018/2/12,200462.463,8
2018/2/13,186830.4696,9
2018/2/14,183464.2093,10
2018/2/15,182748.6766,15
2018/2/16,184540.9516,16
2018/2/17,168229.465,17
2018/2/18,179022.0317,18
2018/2/19,178707.341,19
2018/2/20,180044.2514,16
2018/2/21,193121.9774,13
2018/2/22,190793.2459,10
2018/2/23,209891.1135,15
2018/2/24,205371.9831,15
2018/2/25,215167.4117,12
2018/2/26,226081.8763,15
2018/2/27,232302.2593,17
2018/2/28,243480.4603,19
2018/3/1,250955.6706,20
2018/3/2,250806.8452,21
2018/3/3,252724.7404,22
2018/3/4,261539.1015,21
2018/3/5,280441.9871,18
2018/3/6,280034.081,17
2018/3/7,281314.5412,11
2018/3/8,286394.1139,10
2018/3/9,290356.1872,9
2018/3/10,285990.1705,13
2018/3/11,285032.1334,13
2018/3/12,292516.5151,15
2018/3/13,293842.3273,16
2018/3/14,285354.7193,17
2018/3/15,289398.9977,18
2018/3/16,298372.244,19
2018/3/17,307374.3603,19
2018/3/18,291134.6208,19
2018/3/19,302400.4432,15
2018/3/20,294013.9528,10
2018/3/21,298851.518,11
2018/3/22,295839.7337,14
2018/3/23,295916.3622,15
2018/3/24,302953.9897,18
2018/3/25,292328.8173,18
2018/3/26,299463.0274,18
2018/3/27,300358.4043,19
2018/3/28,297341.5989,19
2018/3/29,298358.4479,20
2018/3/30,298196.4628,20
2018/3/31,293186.1819,19
2018/4/1,296917.1472,21
2018/4/2,308540.8556,21
2018/4/3,307390.4708,21
2018/4/4,301033.4732,21
2018/4/5,257042.1158,20
2018/4/6,276876.6027,14
2018/4/7,289347.7177,12
2018/4/8,292383.7098,14
2018/4/9,297147.1489,18
2018/4/10,308823.1979,20
2018/4/11,304611.7881,21
2018/4/12,311371.8354,23
2018/4/13,322325.8172,25
2018/4/14,315833.3018,18
2018/4/15,291458.095,15
2018/4/16,295734.8143,15
2018/4/17,297215.0047,18
2018/4/18,303822.8913,19
2018/4/19,306511.5523,20
2018/4/20,308374.6537,22
2018/4/21,303780.8769,22
2018/4/22,302981.2483,23
2018/4/23,311374.788,22
2018/4/24,313838.5663,20
2018/4/25,312499.6851,21
2018/4/26,302704.4976,22
2018/4/27,307030.3003,22
2018/4/28,308037.6795,22
2018/4/29,312415.7445,23
2018/4/30,290033.5213,25
2018/5/1,258863.9569,24
2018/5/2,315434.9107,23
2018/5/3,328679.3448,22
2018/5/4,310476.7512,22
2018/5/5,311655.0189,24
2018/5/6,311937.1643,24
2018/5/7,334173.4147,22
2018/5/8,320392.4278,23
2018/5/9,313916.4452,22
2018/5/10,306565.6252,21
2018/5/11,314508.8078,23
2018/5/12,318266.1976,24
2018/5/13,310069.2071,24
2018/5/14,338010.7439,24
2018/5/15,346404.0841,26
2018/5/16,343511.4032,26
2018/5/17,339916.84,26
2018/5/18,347766.527,27
2018/5/19,343726.3594,27
2018/5/20,336954.2418,26
2018/5/21,358528.7798,26
2018/5/22,363029.0504,26
2018/5/23,369600.4681,26
2018/5/24,362364.5489,27
2018/5/25,364296.7253,27
2018/5/26,353214.3933,28
2018/5/27,343580.1163,27
2018/5/28,366257.9054,26
2018/5/29,357012.042,27
2018/5/30,363534.0643,27
2018/5/31,356936.8977,27
2018/6/1,364523.4461,26
2018/6/2,340796.6705,25
2018/6/3,335672.3722,25
2018/6/4,353952.9258,26
2018/6/5,348637.6692,25
2018/6/6,333981.4833,25
2018/6/7,329136.7106,24
2018/6/8,318319.4937,24
2018/6/9,319362.532,25
2018/6/10,321746.9182,26
2018/6/11,340670.4113,26
2018/6/12,345233.2913,25
2018/6/13,326371.2555,25
2018/6/14,325861.3075,25
2018/6/15,322835.5566,24
2018/6/16,319356.907,25
2018/6/17,311579.6786,25
2018/6/18,297469.1659,27
2018/6/19,342093.4642,27
2018/6/20,347934.3381,28
2018/6/21,343674.9721,28
2018/6/22,343325.287,26
2018/6/23,320683.5605,25
2018/6/24,309764.6628,26
2018/6/25,323047.0885,26
2018/6/26,319557.7675,26
2018/6/27,329076.2233,26
2018/6/28,338669.8109,27
2018/6/29,339965.5641,27
2018/6/30,328747.8384,27
2018/7/1,324237.6697,28
2018/7/2,344515.6879,27
2018/7/3,340815.2326,27
2018/7/4,345668.0913,28
2018/7/5,346529.0891,28
2018/7/6,345338.5177,28
2018/7/7,327533.4564,27
2018/7/8,311845.6033,26
2018/7/9,333871.0008,26
2018/7/10,338169.6503,27
2018/7/11,345017.2822,28
2018/7/12,346219.178,26
2018/7/13,337905.7847,25
2018/7/14,316234.2938,25
2018/7/15,300208.2736,25
2018/7/16,326717.1367,27
2018/7/17,340721.3488,27
2018/7/18,340140.1947,26
2018/7/19,341051.4536,27
2018/7/20,338734.7472,27
2018/7/21,334990.5102,27
2018/7/22,323992.6014,26
2018/7/23,334746.9802,26
2018/7/24,323537.3724,25
2018/7/25,335294.6755,26
2018/7/26,333664.0794,26
2018/7/27,334034.0598,26
2018/7/28,334137.8221,26
2018/7/29,323327.1982,27
2018/7/30,343757.7141,26
2018/7/31,338377.7882,26
2018/8/1,334544.5489,26
2018/8/2,347313.1749,27
2018/8/3,339869.4327,27
2018/8/4,336312.7139,27
2018/8/5,327322.7001,27
2018/8/6,314792.6266,26
2018/8/7,343121.7601,27
2018/8/8,340970.6304,27
2018/8/9,357176.2753,26
2018/8/10,344199.5342,27
2018/8/11,337770.3261,25
2018/8/12,290256.7888,25
2018/8/13,283796.4423,26
2018/8/14,272743.8822,26
2018/8/15,268257.4855,26
2018/8/16,268514.7311,26
2018/8/17,266180.7501,26
2018/8/18,256786.5519,27
2018/8/19,246401.0722,27
2018/8/20,272338.7201,27
2018/8/21,275028.216,26
2018/8/22,275697.5684,26
2018/8/23,269958.0457,26
2018/8/24,274842.2373,27
2018/8/25,272888.9935,27
2018/8/26,241625.1351,27
2018/8/27,268094.9856,25
2018/8/28,266286.7285,25
2018/8/29,262305.8176,25
2018/8/30,265503.1347,25
2018/8/31,261641.3498,26
2018/9/1,237811.1855,24
2018/9/2,230829.129,26
2018/9/3,276333.4709,25
2018/9/4,282368.4747,26
2018/9/5,292087.8902,26
2018/9/6,292006.3328,25
2018/9/7,271835.9353,24
2018/9/8,249337.9048,24
2018/9/9,257609.4981,24
2018/9/10,263244.4548,25
2018/9/11,264129.1541,24
2018/9/12,265397.0444,25
2018/9/13,277796.9679,25
2018/9/14,272213.4222,27
2018/9/15,259843.624,27
2018/9/16,209274.9561,25
2018/9/17,238779.9619,25
2018/9/18,283243.0496,26
2018/9/19,287887.8111,26
2018/9/20,289597.4628,26
2018/9/21,292810.9729,26
2018/9/22,258611.7026,25
2018/9/23,243532.8134,24
2018/9/24,232681.9612,25
2018/9/25,256254.4936,25
2018/9/26,265566.5182,24
2018/9/27,259193.264,24
2018/9/28,250222.4241,23
2018/9/29,250581.8154,22
2018/9/30,249162.635,22
2018/10/1,203042.6174,21
2018/10/2,196085.172,21
2018/10/3,208289.3521,21
2018/10/4,224067.6574,21
2018/10/5,251425.0821,21
2018/10/6,231797.9125,20
2018/10/7,251232.5232,22
2018/10/8,259753.5455,23
2018/10/9,271640.6306,22
2018/10/10,244692.5774,20
2018/10/11,240051.839,18
2018/10/12,234827.8882,20
2018/10/13,240226.0696,20
2018/10/14,233358.0735,23
2018/10/15,249506.5512,20
2018/10/16,259140.6021,19
2018/10/17,253941.3484,18
2018/10/18,237887.0293,20
2018/10/19,240491.0834,21
2018/10/20,243357.0834,21
2018/10/21,251570.1472,22
2018/10/22,247570.3712,22
2018/10/23,247275.1122,19
2018/10/24,253760.2418,20
2018/10/25,254841.8517,21
2018/10/26,244744.8472,19
2018/10/27,236863.3254,18
2018/10/28,224625.24,16
2018/10/29,243754.5894,17
2018/10/30,230507.2667,19
2018/10/31,241402.7491,20
2018/11/1,249367.0439,19
2018/11/2,245990.9367,19
2018/11/3,225125.5962,19
2018/11/4,228912.8734,19
2018/11/5,245101.2635,20
2018/11/6,247661.4391,21
2018/11/7,240158.1348,19
2018/11/8,254604.9035,18
2018/11/9,237240.1517,18
2018/11/10,236685.0754,19
2018/11/11,240181.8901,21
2018/11/12,245964.0069,20
2018/11/13,256275.8323,20
2018/11/14,245091.144,20
2018/11/15,237749.486,22
2018/11/16,248203.4635,19
2018/11/17,219495.1758,18
2018/11/18,218270.1556,16
2018/11/19,238926.169,15
2018/11/20,227894.2396,19
2018/11/21,241424.7649,14
2018/11/22,253205.3088,12
2018/11/23,239794.5634,14
2018/11/24,235864.523,15
2018/11/25,238088.8585,16
2018/11/26,235679.9486,15
2018/11/27,249121.7536,17
2018/11/28,227232.8951,14
2018/11/29,237869.1433,15
2018/11/30,242030.9733,17
2018/12/1,226508.601,17
2018/12/2,226603.6008,20
2018/12/3,236339.2205,19
2018/12/4,235396.8346,19
2018/12/5,238172.4229,20
2018/12/6,249723.9204,14
2018/12/7,227886.3399,12
2018/12/8,233147.8865,9
2018/12/9,228552.2064,8
2018/12/10,251665.0151,10
2018/12/11,227857.8582,8
2018/12/12,237376.537,7
2018/12/13,240886.4539,9
2018/12/14,251596.3415,10
2018/12/15,230520.1612,12
2018/12/16,215408.8776,12
2018/12/17,238549.9946,10
2018/12/18,243089.2921,10
2018/12/19,251731.0204,15
2018/12/20,255653.0522,19
2018/12/21,250612.1769,17
2018/12/22,228157.3966,18
2018/12/23,226937.5863,14
2018/12/24,247573.567,13
2018/12/25,238607.8424,14
2018/12/26,235838.4681,14
2018/12/27,249269.0021,13
2018/12/28,227622.7723,8
2018/12/29,225655.8565,5
2018/12/30,218528.5403,5
2018/12/31,231975.9178,4
2019/1/1,188674.3413,7
2019/1/2,227172.8139,6
2019/1/3,233401.553,9
2019/1/4,229214.9112,12
2019/1/5,233426.76,12
2019/1/6,214906.597,11
2019/1/7,235772.3304,12
2019/1/8,237050.3499,12
2019/1/9,223549.0417,11
2019/1/10,238675.7713,13
2019/1/11,237232.8014,15
2019/1/12,217039.7622,14
2019/1/13,210945.4574,16
2019/1/14,223673.1991,15
2019/1/15,211178.0452,12
2019/1/16,219299.5296,10
2019/1/17,224100.4971,9
2019/1/18,216567.1573,9
2019/1/19,196901.0573,14
2019/1/20,221681.14,12
2019/1/21,201887.5215,8
2019/1/22,204425.9432,7
2019/1/23,197637.4668,9
2019/1/24,189493.0217,12
2019/1/25,185274.8467,12
2019/1/26,198862.3017,10
2019/1/27,179794.7647,12
2019/1/28,184972.4063,12
2019/1/29,178938.4247,14
2019/1/30,175921.6149,15
2019/1/31,172883.5067,12
2019/2/1,163268.8695,12
2019/2/2,161568.5224,15
2019/2/3,166368.4748,16
2019/2/4,162858.8448,18
2019/2/5,160471.4152,19
2019/2/6,158909.6637,20
2019/2/7,145996.1086,21
2019/2/8,163450.4612,20
2019/2/9,158400.8688,16
2019/2/10,158544.1589,12
2019/2/11,153842.3482,8
2019/2/12,169249.054,11
2019/2/13,174551.2953,18
2019/2/14,192240.3712,17
2019/2/15,188532.2608,17
2019/2/16,181453.2956,16
2019/2/17,207459.6176,12
2019/2/18,207425.6102,13
2019/2/19,212255.7871,16
2019/2/20,218099.4749,18
2019/2/21,217831.4221,15
2019/2/22,223110.3519,11
2019/2/23,207902.4986,11
2019/2/24,212263.2892,9
2019/2/25,243954.4061,12
2019/2/26,244053.7321,11
2019/2/27,219954.0679,15
2019/2/28,235712.986,15
2019/3/1,223633.4356,16
2019/3/2,218199.2487,15
2019/3/3,237327.9079,13
2019/3/4,237505.7461,13
2019/3/5,237831.3269,15
2019/3/6,240147.1002,14
2019/3/7,238823.3382,13
2019/3/8,232251.5569,13
2019/3/9,242184.7398,13
2019/3/10,220253.11,12
2019/3/11,237251.1869,14
2019/3/12,238754.715,14
2019/3/13,235930.439,17
2019/3/14,227109.9776,18
2019/3/15,250784.9654,14
2019/3/16,232884.0187,17
2019/3/17,218047.6153,17
2019/3/18,235449.2714,17
2019/3/19,238795.0647,19
2019/3/20,228999.3157,22
2019/3/21,233919.7604,22
2019/3/22,246954.1098,18
2019/3/23,230747.1939,13
2019/3/24,227333.69,12
2019/3/25,234633.7626,14
2019/3/26,235059.3503,18
2019/3/27,239449.5662,20
2019/3/28,229795.1515,21
2019/3/29,233082.6372,21
2019/3/30,224920.7216,20
2019/3/31,216054.4806,18
2019/4/1,236762.089,16
2019/4/2,240892.9391,17
2019/4/3,242392.9409,20
2019/4/4,224295.7213,17
2019/4/5,203214.8587,18
2019/4/6,216375.1133,21
2019/4/7,246176.564,22
2019/4/8,251748.967,24
2019/4/9,247087.9891,24
2019/4/10,255334.1018,22
2019/4/11,245908.9843,23
2019/4/12,239987.6518,16
2019/4/13,239953.277,17
2019/4/14,234393.2908,20
2019/4/15,236479.0566,20
2019/4/16,241856.5226,19
2019/4/17,232647.6373,20
2019/4/18,234484.0117,22
2019/4/19,231008.4627,22
2019/4/20,234317.8856,20
2019/4/21,236016.151,23
2019/4/22,258492.9765,24
2019/4/23,265531.6487,24
2019/4/24,264483.2432,25
2019/4/25,269944.9884,25
2019/4/26,260520.493,25
2019/4/27,238817.3154,22
2019/4/28,253590.0153,22
2019/4/29,273088.2867,23
2019/4/30,238065.7254,21
2019/5/1,206913.6718,19
2019/5/2,216627.9483,20
2019/5/3,223189.5312,20
2019/5/4,217224.3858,21
2019/5/5,247172.2314,18
2019/5/6,244074.5076,19
2019/5/7,235570.9888,19
2019/5/8,245802.7148,19
2019/5/9,247705.8771,20
2019/5/10,264093.2161,23
2019/5/11,260864.259,24
2019/5/12,244543.2923,23
2019/5/13,265384.3795,25
2019/5/14,279394.9885,26
2019/5/15,260222.4152,26
2019/5/16,267034.8254,26
2019/5/17,269511.5174,27
2019/5/18,257319.0494,27
2019/5/19,257887.8541,24
2019/5/20,265268.9761,24
2019/5/21,260941.3391,24
2019/5/22,258024.8496,24
2019/5/23,262874.4047,23
2019/5/24,259200.6693,24
2019/5/25,272310.9755,25
2019/5/26,247575.7249,24
2019/5/27,259160.8645,24
2019/5/28,267254.5948,24
2019/5/29,257981.1995,24
2019/5/30,256111.0611,24
2019/5/31,251267.5302,25
2019/6/1,244177.8973,25
2019/6/2,242945.7438,25
2019/6/3,243221.65,25
2019/6/4,275636.3116,26
2019/6/5,276693.7747,26
2019/6/6,275365.319,26
2019/6/7,221743.824,28
2019/6/8,248322.7241,28
2019/6/9,232768.6308,27
2019/6/10,253324.9411,24
2019/6/11,274152.8875,25
2019/6/12,242426.5674,24
2019/6/13,246777.0207,25
2019/6/14,195555.5414,25
2019/6/15,23883.3658,25
2019/6/16,182475.6018,26
2019/6/17,244356.9065,26
2019/6/18,255775.3042,26
2019/6/19,259798.6473,27
2019/6/20,270012.0151,28
2019/6/21,271250.199,28
2019/6/22,261386.7295,29
2019/6/23,245858.0528,26
2019/6/24,249584.8939,25
2019/6/25,244594.9278,26
2019/6/26,242001.2664,26
2019/6/27,253687.289,27
2019/6/28,277395.2804,28
2019/6/29,269802.4017,28
2019/6/30,248021.4011,28
2019/7/1,280719.9865,28
2019/7/2,277000.8188,25
2019/7/3,295079.4532,26
2019/7/4,300356.7927,26
2019/7/5,298731.0003,28
2019/7/6,274933.9807,28
2019/7/7,281723.1953,28
2019/7/8,285384.0127,28
2019/7/9,278746.6227,25
2019/7/10,289884.8988,26
2019/7/11,279444.2569,26
2019/7/12,273591.4651,27
2019/7/13,263236.665,28
2019/7/14,279543.9764,28
2019/7/15,283671.1782,27
2019/7/16,299738.2925,28
2019/7/17,306991.8744,29
2019/7/18,288794.2975,28
2019/7/19,292344.1216,28
2019/7/20,276643.4115,27
2019/7/21,260717.5432,27
2019/7/22,279549.3089,26
2019/7/23,277630.1956,26
2019/7/24,275877.3936,26
2019/7/25,299595.8039,27
2019/7/26,275392.9048,27
2019/7/27,277501.2251,27
2019/7/28,248842.2904,27
2019/7/29,283385.6617,28
2019/7/30,296007.8859,26
2019/7/31,281443.4167,26
2019/8/1,281193.1955,25
2019/8/2,281495.2938,25
2019/8/3,267913.1266,25
2019/8/4,255114.7797,27
2019/8/5,272920.6238,27
2019/8/6,303133.0668,28
2019/8/7,302552.4539,27
2019/8/8,285916.6942,28
2019/8/9,281650.2974,28
2019/8/10,274133.6232,28
2019/8/11,267838.3905,28
2019/8/12,289872.6779,27
2019/8/13,304405.386,27
2019/8/14,291944.9083,27
2019/8/15,287913.9792,26
2019/8/16,276972.8016,27
2019/8/17,273156.568,26
2019/8/18,259625.2649,25
2019/8/19,273049.6516,25
2019/8/20,299187.479,26
2019/8/21,301932.9103,27
2019/8/22,286900.1351,28
2019/8/23,280074.7905,27
2019/8/24,291851.7256,27
2019/8/25,257405.2012,26
2019/8/26,273727.7425,25
2019/8/27,273788.4613,27
2019/8/28,277895.626,27
2019/8/29,283085.6198,26
2019/8/30,278211.6335,26
2019/8/31,283806.2186,25
2019/9/1,255937.8864,25
2019/9/2,277304.1537,25
2019/9/3,297573.0452,24
2019/9/4,267032.9942,25
2019/9/5,271065.1978,25
2019/9/6,300331.1585,26
2019/9/7,279942.3555,27
2019/9/8,258103.5953,27
2019/9/9,309370.9799,26
2019/9/10,278924.4914,27
2019/9/11,292513.2692,27
2019/9/12,290473.6552,26
2019/9/13,243088.1468,27
2019/9/14,258157.6313,27
2019/9/15,269228.8331,26
2019/9/16,275426.499,25
2019/9/17,272293.6565,26
2019/9/18,280491.0116,25
2019/9/19,284883.3904,24
2019/9/20,282835.1853,23
2019/9/21,271116.9146,23
2019/9/22,277255.7448,22
2019/9/23,278458.0122,21
2019/9/24,273918.7077,23
2019/9/25,294237.3866,23
2019/9/26,265738.1122,23
2019/9/27,292103.0858,23
2019/9/28,272596.6027,23
2019/9/29,263497.8786,23
2019/9/30,261256.8348,22
2019/10/1,214467.2244,24
2019/10/2,237499.4411,25
2019/10/3,249484.6873,26
2019/10/4,260826.1344,25
2019/10/5,249096.2274,25
2019/10/6,252613.776,23
2019/10/7,285950.2348,23
2019/10/8,280650.9617,24
2019/10/9,278272.4917,23
2019/10/10,277977.5293,25
2019/10/11,300026.7991,25
2019/10/12,283411.5775,24
2019/10/13,251931.3991,23
2019/10/14,264197.8172,23
2019/10/15,258957.6355,23
2019/10/16,256592.8598,23
2019/10/17,274061.5853,21
2019/10/18,284672.56,20
2019/10/19,246433.4233,22
2019/10/20,245985.8111,22
2019/10/21,279116.2978,21
2019/10/22,285540.7684,22
2019/10/23,274832.193,22
2019/10/24,272041.1134,22
2019/10/25,253212.1644,21
2019/10/26,260785.3083,21
2019/10/27,245126.2513,20
2019/10/28,278581.4689,19
2019/10/29,259587.8228,17
2019/10/30,250303.9208,17
2019/10/31,250801.0251,19
2019/11/1,249899.2789,20
2019/11/2,263331.1742,23
2019/11/3,262297.3257,20
2019/11/4,241222.0118,18
2019/11/5,239490.3791,17
2019/11/6,238959.965,18
2019/11/7,237749.85,17
2019/11/8,237156.4228,17
2019/11/9,231231.9446,17
2019/11/10,224945.1091,16
2019/11/11,236751.4103,17
2019/11/12,241285.5808,19
2019/11/13,243199.6094,16
2019/11/14,237979.5324,16
2019/11/15,238679.0654,18
2019/11/16,232602.2116,20
2019/11/17,222339.313,18
2019/11/18,239452.9279,14
2019/11/19,233660.7969,14
2019/11/20,233587.0946,15
2019/11/21,233638.9529,17
2019/11/22,235072.4417,17
2019/11/23,231048.4716,17
2019/11/24,225095.4411,17
2019/11/25,237480.9969,16
2019/11/26,233463.8334,18
2019/11/27,236197.7654,15
2019/11/28,232442.1369,12
2019/11/29,231205.5517,12
2019/11/30,224660.4546,13
2019/12/1,214331.1627,13
2019/12/2,228045.9553,10
2019/12/3,229891.9537,10
2019/12/4,231311.433,11
2019/12/5,232349.0211,13
2019/12/6,229628.4804,9
2019/12/7,225936.5436,8
2019/12/8,217697.2033,10
2019/12/9,233147.4102,10
2019/12/10,229655.5202,10
2019/12/11,229995.8241,10
2019/12/12,231137.8087,12
2019/12/13,231496.4811,15
2019/12/14,226210.4675,14
2019/12/15,214685.7306,15
2019/12/16,230819.5641,19
2019/12/17,235242.7836,19
2019/12/18,239197.4133,16
2019/12/19,234356.3417,13
2019/12/20,231553.1555,13
2019/12/21,226063.6785,13
2019/12/22,218088.188,16
2019/12/23,230638.5975,15
2019/12/24,232945.0433,18
2019/12/25,232385.5684,16
2019/12/26,232210.9356,11
2019/12/27,230640.7355,10
2019/12/28,224488.8268,12
2019/12/29,217863.6872,15
2019/12/30,226062.6194,14
2019/12/31,220699.741,14
2020/1/1,186710.5015,14
2020/1/2,226577.925,15
2020/1/3,228546.9143,15
2020/1/4,224754.6597,16
2020/1/5,219153.2883,16
2020/1/6,228658.4205,20
2020/1/7,227857.8454,16
2020/1/8,225055.1678,15
2020/1/9,224447.7094,17
2020/1/10,222878.8863,19
2020/1/11,213847.3807,11
2020/1/12,202173.6823,9
2020/1/13,208829.778,12
2020/1/14,200661.6337,15
2020/1/15,193271.042,14
2020/1/16,187361.9988,13
2020/1/17,179869.6692,10
2020/1/18,167295.7811,12
2020/1/19,163151.2481,12
2020/1/20,152769.2001,12
2020/1/21,146109.7837,15
2020/1/22,135736.2162,18
2020/1/23,133852.9283,19
2020/1/24,125301.7075,19
2020/1/25,122493.5165,11
2020/1/26,120613.2124,7
2020/1/27,117852.1971,7
2020/1/28,117880.9752,7
2020/1/29,115131.6854,8
2020/1/30,116242.4956,8
2020/1/31,117684.5322,8
2020/2/1,116895.8552,10
2020/2/2,116823.3108,14
2020/2/3,120958.6412,11
2020/2/4,122151.101,11
2020/2/5,121963.0829,13
2020/2/6,121954.5717,14
2020/2/7,121692.6566,12
2020/2/8,120351.8711,13
2020/2/9,120932.5666,12
2020/2/10,133443.7027,14
2020/2/11,133753.3441,14
2020/2/12,136577.4429,16
2020/2/13,140354.506,17
2020/2/14,142360.0218,19
2020/2/15,141283.8109,8
2020/2/16,135959.8746,6
2020/2/17,149498.3959,6
2020/2/18,154987.9058,8
2020/2/19,157457.0563,10
2020/2/20,156564.737,12
2020/2/21,158898.8226,14
2020/2/22,158567.783,15
2020/2/23,157525.5182,16
2020/2/24,174219.0767,18
2020/2/25,179694.9678,18
2020/2/26,183243.7558,19
2020/2/27,187007.3985,18
2020/2/28,188934.4104,19
2020/2/29,185021.5556,18
2020/3/1,183684.2804,19
2020/3/2,199212.3436,18
2020/3/3,203077.9186,18
2020/3/4,204808.4827,13
2020/3/5,205582.1061,14
2020/3/6,206566.1593,18
2020/3/7,202235.5632,18
2020/3/8,198965.8769,22
2020/3/9,211462.2587,18
2020/3/10,210787.2708,16
2020/3/11,210818.9798,18
2020/3/12,212935.9473,18
2020/3/13,216219.9177,18
2020/3/14,210398.9051,16
2020/3/15,199176.0094,17
2020/3/16,214051.5377,19
2020/3/17,218995.4539,20
2020/3/18,217222.2499,18
2020/3/19,218764.6156,19
2020/3/20,219301.3436,21
2020/3/21,215129.7922,21
2020/3/22,210148.3479,21
2020/3/23,226618.2772,22
2020/3/24,225640.7489,22
2020/3/25,227029.7221,22
2020/3/26,225678.0687,20
2020/3/27,229461.074,17
2020/3/28,217455.8512,17
2020/3/29,211410.0279,18
2020/3/30,220588.6655,13
2020/3/31,221351.5861,13
2020/4/1,219790.1622,14
2020/4/2,219922.0643,14
2020/4/3,213644.6685,16
2020/4/4,179822.8472,15
2020/4/5,195843.6085,15
2020/4/6,212661.1811,14
2020/4/7,219099.1377,16
2020/4/8,219307.1996,17
2020/4/9,221256.1754,19
2020/4/10,221751.6845,19
2020/4/11,219161.8721,15
2020/4/12,205927.6451,11
2020/4/13,216379.2615,15
2020/4/14,220683.7283,15
2020/4/15,218637.1264,16
2020/4/16,220533.0261,18
2020/4/17,222598.921,21
2020/4/18,217453.591,22
2020/4/19,212899.7464,23
2020/4/20,234212.9114,24
2020/4/21,240529.4849,21
2020/4/22,224067.8655,18
2020/4/23,221456.5895,16
2020/4/24,219363.1136,15
2020/4/25,213296.4319,17
2020/4/26,212945.8688,19
2020/4/27,225364.9906,19
2020/4/28,231139.5146,20
2020/4/29,229704.7657,21
2020/4/30,227360.89,22
2020/5/1,186706.6413,23
2020/5/2,203371.0194,25
2020/5/3,215756.9538,25
2020/5/4,236955.1598,26
2020/5/5,244282.8308,27
2020/5/6,261604.5763,27
2020/5/7,264723.7923,28
2020/5/8,268339.1965,28
2020/5/9,267807.6531,27
2020/5/10,245702.5655,25
2020/5/11,264033.0126,24
2020/5/12,257740.9466,24
2020/5/13,262774.6737,26
2020/5/14,262234.4142,25
2020/5/15,264469.1725,26
2020/5/16,250365.3522,26
2020/5/17,234578.3838,24
2020/5/18,258178.845,24
2020/5/19,261626.276,24
2020/5/20,266453.7253,25
2020/5/21,268825.3403,25
2020/5/22,263825.0627,25
2020/5/23,247261.8511,24
2020/5/24,236934.3833,25
2020/5/25,263928.8327,25
2020/5/26,268193.1167,26
2020/5/27,258399.7289,25
2020/5/28,258465.6552,25
2020/5/29,265589.133,25
2020/5/30,248501.9858,26
2020/5/31,238017.5703,26
2020/6/1,265452.3274,26
2020/6/2,259558.8689,26
2020/6/3,262939.7895,25
2020/6/4,269998.3766,26
2020/6/5,272392.3744,25
2020/6/6,252122.1456,25
2020/6/7,234502.2087,25
2020/6/8,262500.656,26
2020/6/9,265019.4936,26
2020/6/10,264516.5225,26
2020/6/11,269195.9514,27
2020/6/12,270836.7008,27
2020/6/13,259351.9978,26
2020/6/14,238621.8203,25
2020/6/15,268854.317,26
2020/6/16,269116.8829,26
2020/6/17,269540.8402,25
2020/6/18,272122.2214,26
2020/6/19,271442.889,27
2020/6/20,259912.4941,27
2020/6/21,249366.7669,28
2020/6/22,278392.7457,28
2020/6/23,278194.7777,29
2020/6/24,278263.5323,28
2020/6/25,221704.5348,27
2020/6/26,247414.303,27
2020/6/27,254672.2025,27
2020/6/28,272459.5273,28
2020/6/29,274207.2761,28
2020/6/30,276624.7687,28
2020/7/1,273928.2459,26
2020/7/2,278968.6794,27
2020/7/3,273194.8865,27
2020/7/4,260221.9505,27
2020/7/5,248608.1813,27
2020/7/6,278611.3353,27
2020/7/7,280185.3914,28
2020/7/8,280456.5578,28
2020/7/9,282065.4657,27
2020/7/10,282146.8626,29
2020/7/11,269497.5368,29
2020/7/12,254936.1622,28
2020/7/13,283502.8823,28
2020/7/14,285426.857,28
2020/7/15,284451.525,28
2020/7/16,283500.5422,29
2020/7/17,282914.6269,29
2020/7/18,271810.6729,28
2020/7/19,254613.0269,28
2020/7/20,281874.1932,29
2020/7/21,282534.9592,28
2020/7/22,281338.6125,28
2020/7/23,282416.8673,28
2020/7/24,283157.2516,28
2020/7/25,271266.5525,29
2020/7/26,254224.4318,29
2020/7/27,284770.553,29
2020/7/28,283874.5247,28
2020/7/29,283853.4996,28
2020/7/30,285616.4519,27
2020/7/31,275376.1409,26
2020/8/1,260173.0663,26
2020/8/2,244379.2443,25
2020/8/3,269334.2715,25
2020/8/4,270041.4218,26
2020/8/5,267072.729,25
2020/8/6,272939.0993,26
2020/8/7,276048.2371,26
2020/8/8,266373.3509,26
2020/8/9,254796.8545,27
2020/8/10,280497.0311,27
2020/8/11,282048.517,27
2020/8/12,276057.3588,26
2020/8/13,271812.2903,25
2020/8/14,275745.4044,26
2020/8/15,258104.5563,26
2020/8/16,246111.9555,27
2020/8/17,275121.8622,26
2020/8/18,277583.6676,25
2020/8/19,263860.0167,26
2020/8/20,273481.3065,27
2020/8/21,275919.5869,26
2020/8/22,266231.6338,26
2020/8/23,253937.5853,26
2020/8/24,283655.4711,26
2020/8/25,287386.0752,26
2020/8/26,284160.188,24
2020/8/27,281054.8171,25
2020/8/28,283710.2902,27
2020/8/29,269452.8383,28
2020/8/30,256631.7042,27
2020/8/31,278106.4172,27
2020/9/1,282802.8604,28
2020/9/2,287010.4516,27
2020/9/3,286197.9387,28
2020/9/4,289028.5063,27
2020/9/5,264714.5936,27
2020/9/6,256750.9357,26
2020/9/7,284867.335,25
2020/9/8,275686.3198,26
2020/9/9,277861.8696,25
2020/9/10,281310.6953,25
2020/9/11,283439.672,25
2020/9/12,272548.5661,25
2020/9/13,254768.8736,24
2020/9/14,277820.2716,25
2020/9/15,273081.1369,25
2020/9/16,275843.6807,24
2020/9/17,279487.397,25
2020/9/18,275579.6071,24
2020/9/19,259657.0119,25
2020/9/20,253690.1431,25
2020/9/21,278777.8796,25
2020/9/22,280219.9288,24
2020/9/23,280303.0075,24
2020/9/24,269257.1234,24
2020/9/25,266644.8381,24
2020/9/26,259831.1066,24
2020/9/27,252791.1281,23
2020/9/28,258085.5233,25
2020/9/29,265863.5546,24
2020/9/30,265720.0419,23
2020/10/1,195753.5881,24
2020/10/2,204783.4303,23
2020/10/3,224688.6131,23
2020/10/4,237674.395,22
2020/10/5,245155.299,21
2020/10/6,242697.1253,21
2020/10/7,239676.3881,21
2020/10/8,236967.8182,20
2020/10/9,245586.3939,20
2020/10/10,250804.3484,21
2020/10/11,241012.9712,21
2020/10/12,260090.4776,21
2020/10/13,258893.7034,22
2020/10/14,262320.3282,22
2020/10/15,262505.2116,22
2020/10/16,258403.1974,20
2020/10/17,246364.2251,22
2020/10/18,238006.5561,21
2020/10/19,247830.0907,20
2020/10/20,248577.2472,19
2020/10/21,245977.8537,19
2020/10/22,246112.0111,19
2020/10/23,242388.2719,17
2020/10/24,238126.8097,20
2020/10/25,233082.1749,20
2020/10/26,252483.7505,21
2020/10/27,256304.6633,21
2020/10/28,256606.6211,21
2020/10/29,251262.3464,19
2020/10/30,247299.379,20
2020/10/31,238728.1065,21
2020/11/1,229288.5445,20
2020/11/2,248896.4193,19
2020/11/3,247232.1429,19
2020/11/4,244867.2642,19
2020/11/5,248542.1416,18
2020/11/6,250156.8387,20
2020/11/7,245412.5719,20
2020/11/8,235824.7834,19
2020/11/9,244559.4973,17
2020/11/10,243818.4558,18
2020/11/11,243219.9958,15
2020/11/12,243118.3793,17
2020/11/13,244388.4502,18
2020/11/14,238871.0845,20
2020/11/15,227423.303,19
2020/11/16,245727.3535,19
2020/11/17,249822.0539,21
2020/11/18,253596.4497,22
2020/11/19,258387.9186,23
2020/11/20,261657.2915,23
2020/11/21,252622.8335,22
2020/11/22,242439.3411,18
2020/11/23,244836.0218,17
2020/11/24,245671.1848,17
2020/11/25,247753.0271,19
2020/11/26,248084.4244,16
2020/11/27,242663.8044,15
2020/11/28,237249.1689,14
2020/11/29,226570.9501,14
2020/11/30,234281.6511,14
2020/12/1,234836.2037,14
2020/12/2,237670.2249,12
2020/12/3,239004.417,11
2020/12/4,238464.538,10
2020/12/5,233561.1782,12
2020/12/6,227305.1612,14
2020/12/7,236838.309,11
2020/12/8,238850.8529,14
2020/12/9,238439.1525,14
2020/12/10,238784.956,15
2020/12/11,238020.8496,18
2020/12/12,235260.4691,17
2020/12/13,225834.6387,14
2020/12/14,239586.2965,9
2020/12/15,241472.6957,8
2020/12/16,240576.6064,10
2020/12/17,242596.837,8
2020/12/18,243892.4307,10
2020/12/19,237924.1197,8
2020/12/20,228080.0558,9
2020/12/21,240831.2142,10
2020/12/22,239825.671,11
2020/12/23,239998.4021,14
2020/12/24,238613.3952,10
2020/12/25,241270.3658,14
2020/12/26,233707.919,16
2020/12/27,228691.0506,17
2020/12/28,237276.6545,14
2020/12/29,240264.3658,9
2020/12/30,234852.4782,5
2020/12/31,233040.6799,3
2021/1/1,197261.8285,7
2021/1/2,216926.3802,7
2021/1/3,227274.5354,10
2021/1/4,238898.5202,15
2021/1/5,239490.7252,12
2021/1/6,239761.3482,10
2021/1/7,238957.749,4
2021/1/8,246508.9217,5
2021/1/9,240201.1257,6
2021/1/10,229352.7308,8
2021/1/11,244896.7687,5
2021/1/12,244265.7734,4
2021/1/13,242461.3837,7
2021/1/14,238489.7575,10
2021/1/15,237310.3984,11
2021/1/16,231603.2119,12
2021/1/17,219009.0951,7
2021/1/18,235638.484,7
2021/1/19,232847.358,12
2021/1/20,230892.0861,14
2021/1/21,227913.9907,16
2021/1/22,228477.6556,13
2021/1/23,218947.1666,13
2021/1/24,209317.2446,15
2021/1/25,215857.4052,14
2021/1/26,211853.0242,15
2021/1/27,209384.8167,14
2021/1/28,203272.4283,10
2021/1/29,201979.5902,9
2021/1/30,197591.5145,12
2021/1/31,184114.1391,13
2021/2/1,191197.1007,14
2021/2/2,189790.009,15
2021/2/3,187235.2406,13
2021/2/4,184260.8221,13
2021/2/5,181822.4042,13
2021/2/6,172128.7075,15
2021/2/7,170321.3836,16
2021/2/8,162283.7334,15
2021/2/9,157322.1258,14
2021/2/10,144197.4364,12
2021/2/11,134859.6992,11
2021/2/12,140210.6116,14
2021/2/13,141267.3752,13
2021/2/14,142948.7468,14
2021/2/15,147552.0338,15
2021/2/16,149423.4032,15
2021/2/17,150967.5166,13
2021/2/18,155547.8422,11
2021/2/19,168281.6695,13
2021/2/20,177049.1993,14
2021/2/21,186626.759,15
2021/2/22,200784.3863,16
2021/2/23,168366.9385,17
2021/2/24,220423.3935,19
2021/2/25,223082.4364,18
2021/2/26,225321.6956,13
2021/2/27,182472.4828,16
2021/2/28,215130.1668,16
2021/3/1,232296.2395,13
2021/3/2,233139.4476,15
2021/3/3,237799.8373,17
2021/3/4,240040.3437,18
2021/3/5,241754.1209,18
2021/3/6,239838.2797,15
2021/3/7,227362.005,15
2021/3/8,242781.7341,13
2021/3/9,243396.9301,17
2021/3/10,242794.1171,18
2021/3/11,244712.6482,19
2021/3/12,247048.1126,20
2021/3/13,241627.6846,19
2021/3/14,233492.396,19
2021/3/15,247965.7571,19
2021/3/16,249660.6607,19
2021/3/17,252661.8086,20
2021/3/18,257781.5453,21
2021/3/19,258845.5956,21
2021/3/20,251904.3589,18
2021/3/21,230970.6873,13
2021/3/22,243191.2553,13
2021/3/23,244180.3722,16
2021/3/24,244880.2286,18
2021/3/25,246616.5637,16
2021/3/26,246271.2043,19
2021/3/27,246362.9719,21
2021/3/28,243073.4855,22
2021/3/29,261064.1234,23
2021/3/30,267689.7391,23
2021/3/31,263316.4464,24
2021/4/1,267430.7148,24
2021/4/2,268794.6822,24
2021/4/3,242777.1804,25
2021/4/4,201361.7961,20
2021/4/5,227106.0518,21
2021/4/6,255045.5794,22
2021/4/7,256551.7666,20
2021/4/8,252463.5476,18
2021/4/9,249346.1236,19
2021/4/10,245420.063,19
2021/4/11,242622.8806,19
2021/4/12,262730.0839,21
2021/4/13,268919.5842,22
2021/4/14,270592.9078,23
2021/4/15,264118.0711,21
2021/4/16,257628.7471,21
2021/4/17,247991.3274,20
2021/4/18,239820.5942,19
2021/4/19,251914.0396,19
2021/4/20,254118.4957,20
2021/4/21,260455.4831,21
2021/4/22,265033.7894,22
2021/4/23,270680.075,23
2021/4/24,263033.1212,25
2021/4/25,263705.1549,20
2021/4/26,210338.1321,21
2021/4/27,230145.1115,21
2021/4/28,229506.5913,19
2021/4/29,226720.8967,18
2021/4/30,227000.6334,19
2021/5/1,185259.8104,23
2021/5/2,200987.4876,22
2021/5/3,213355.0718,23
2021/5/4,259688.9821,21
2021/5/5,258369.9263,21
2021/5/6,273351.3468,22
2021/5/7,277192.1774,23
2021/5/8,282483.9416,23
2021/5/9,267265.2581,24
2021/5/10,284069.9999,24
2021/5/11,287697.8212,25
2021/5/12,286748.9045,25
2021/5/13,287906.2017,26
2021/5/14,284763.2868,26
2021/5/15,275494.0403,27
2021/5/16,267945.4877,26
2021/5/17,292638.0543,25
2021/5/18,293655.1528,26
2021/5/19,287651.2771,26
2021/5/20,284369.1724,28
2021/5/21,282806.8966,28
2021/5/22,272687.2918,28
2021/5/23,269982.4019,27
2021/5/24,283095.6731,26
2021/5/25,278337.5723,26
2021/5/26,277090.1277,26
2021/5/27,278738.1227,27
2021/5/28,278133.1925,27
2021/5/29,263287.5505,27
2021/5/30,257060.7934,26
2021/5/31,279118.9742,24
2021/6/1,269761.0625,26
2021/6/2,272159.4315,26
2021/6/3,279550.5191,24
2021/6/4,270282.6626,23
2021/6/5,257975.7593,24
2021/6/6,254922.2349,24
2021/6/7,278333.5726,24
2021/6/8,280617.4681,25
2021/6/9,284108.9338,25
2021/6/10,284523.1931,27
2021/6/11,281482.8987,25
2021/6/12,265095.0013,24
2021/6/13,251169.232,27
2021/6/14,215741.544,25
2021/6/15,281381.5371,27
2021/6/16,288130.3367,27
2021/6/17,289756.2559,27
2021/6/18,289031.6298,26
2021/6/19,279702.1231,28
2021/6/20,263958.0485,28
2021/6/21,293668.8335,25
2021/6/22,279647.9802,25
2021/6/23,277178.2929,25
2021/6/24,275933.0267,24
2021/6/25,283281.1744,26
2021/6/26,273016.5104,25
2021/6/27,262948.1572,26
2021/6/28,289269.0987,26
2021/6/29,287607.9187,26
2021/6/30,283108.8711,27
2021/7/1,283569.061,28
2021/7/2,288896.8733,27
2021/7/3,282144.3857,27
2021/7/4,266769.395,27
2021/7/5,291707.4702,28
2021/7/6,293906.8436,26
2021/7/7,293000.1116,27
2021/7/8,292637.5225,27
2021/7/9,290071.5331,28
2021/7/10,280406.2265,28
2021/7/11,265263.5565,27
2021/7/12,296903.4134,27
2021/7/13,297940.7667,28
2021/7/14,297518.1475,28
2021/7/15,295229.7493,27
2021/7/16,290941.3413,27
2021/7/17,276596.8918,27
2021/7/18,265036.6228,26
2021/7/19,286043.8597,26
2021/7/20,284999.0219,25
2021/7/21,283147.1292,26
2021/7/22,285135.6859,27
2021/7/23,289976.608,27
2021/7/24,279994.5543,27
2021/7/25,266310.0005,28
2021/7/26,290546.9334,27
2021/7/27,291851.0113,28
2021/7/28,287780.3093,28
2021/7/29,289034.4259,26
2021/7/30,285215.6941,26
2021/7/31,275344.7005,26
2021/8/1,260637.7529,25
2021/8/2,284900.7341,26
2021/8/3,289209.0973,26
2021/8/4,285892.6269,26
2021/8/5,280292.7636,26
2021/8/6,284681.6499,26
2021/8/7,275380.6489,26
2021/8/8,259421.7674,27
2021/8/9,283524.9962,26
2021/8/10,279225.6487,26
2021/8/11,281238.7353,26
2021/8/12,286814.3477,25
2021/8/13,284384.4596,26
2021/8/14,270718.6976,26
2021/8/15,255408.8861,25
2021/8/16,284429.1306,25
2021/8/17,287394.5761,27
2021/8/18,286183.2932,27
2021/8/19,283197.8842,25
2021/8/20,282857.9958,26
2021/8/21,271247.1051,27
2021/8/22,261417.1123,27
2021/8/23,285440.9907,27
2021/8/24,285304.5128,27
2021/8/25,283973.6636,26
2021/8/26,282771.3828,27
2021/8/27,283786.508,26
2021/8/28,272522.5991,26
2021/8/29,261364.9171,25
2021/8/30,285669.143,26
2021/8/31,280565.9749,26
,,26.1815826
,,26.10854424
,,26.17825739
,,26.0453237
,,25.73094196
,,25.50319537
,,25.7056106
,,25.68321358
,,25.55440592
,,25.57207738
,,25.39165505
,,25.03501523
,,24.77075216
,,24.94272361
,,24.89609859
,,24.74923136
,,24.75477746
,,24.56775201
,,24.20945635
,,23.94776654
,,24.12570322
,,24.08750745
,,23.95054576
,,23.96645922
,,23.78925592
,,23.43927159
,,23.18349116
,,23.36414955
,,23.32483527
,,23.18241939
